[{"id": "1144", "sentiment score": "0.513269"}, {"id": "1145", "sentiment score": "0.293561"}, {"id": "1146", "sentiment score": "-0.529288"}, {"id": "1147", "sentiment score": "0.204217"}, {"id": "1148", "sentiment score": "-0.58193"}, {"id": "1149", "sentiment score": "0.443875"}, {"id": "1150", "sentiment score": "0.231684"}, {"id": "1151", "sentiment score": "-0.345065"}, {"id": "1152", "sentiment score": "-0.188041"}, {"id": "1153", "sentiment score": "0.152129"}, {"id": "1154", "sentiment score": "0.307722"}, {"id": "1155", "sentiment score": "0.469653"}, {"id": "1156", "sentiment score": "0.0140433"}, {"id": "1157", "sentiment score": "-0.312311"}, {"id": "1158", "sentiment score": "0.145046"}, {"id": "1159", "sentiment score": "0.294335"}, {"id": "1160", "sentiment score": "-0.200247"}, {"id": "1161", "sentiment score": "-0.55656"}, {"id": "1162", "sentiment score": "-0.12754"}, {"id": "1163", "sentiment score": "0.321111"}, {"id": "1164", "sentiment score": "0.021452"}, {"id": "1165", "sentiment score": "0.264538"}, {"id": "1166", "sentiment score": "0.258159"}, {"id": "1167", "sentiment score": "0.490556"}, {"id": "1168", "sentiment score": "0.336303"}, {"id": "1169", "sentiment score": "0.338037"}, {"id": "1170", "sentiment score": "0.303899"}, {"id": "1171", "sentiment score": "-0.187406"}, {"id": "1172", "sentiment score": "0.278188"}, {"id": "1173", "sentiment score": "0.358696"}, {"id": "1174", "sentiment score": "-0.0421943"}, {"id": "1175", "sentiment score": "-0.519364"}, {"id": "1176", "sentiment score": "-0.167767"}, {"id": "1177", "sentiment score": "0.115583"}, {"id": "1178", "sentiment score": "-0.414735"}, {"id": "1179", "sentiment score": "0.165445"}, {"id": "1180", "sentiment score": "0.595691"}, {"id": "1181", "sentiment score": "-0.432244"}, {"id": "1182", "sentiment score": "-0.000255606"}, {"id": "1183", "sentiment score": "0.408803"}, {"id": "1184", "sentiment score": "-0.102853"}, {"id": "1185", "sentiment score": "0.217354"}, {"id": "1186", "sentiment score": "-0.148839"}, {"id": "1187", "sentiment score": "-0.387324"}, {"id": "1188", "sentiment score": "0.429077"}, {"id": "1189", "sentiment score": "-0.290456"}, {"id": "1190", "sentiment score": "0.193602"}, {"id": "1191", "sentiment score": "0.439563"}, {"id": "1192", "sentiment score": "-0.26881"}, {"id": "1193", "sentiment score": "-0.614587"}, {"id": "1194", "sentiment score": "-0.0671768"}, {"id": "1195", "sentiment score": "-0.458901"}, {"id": "1196", "sentiment score": "-0.00015262"}, {"id": "1197", "sentiment score": "-0.0484626"}, {"id": "1198", "sentiment score": "0.171705"}, {"id": "1199", "sentiment score": "0.167117"}, {"id": "1200", "sentiment score": "-0.293394"}, {"id": "1201", "sentiment score": "-0.214086"}, {"id": "1202", "sentiment score": "0.00267574"}, {"id": "1203", "sentiment score": "0.131111"}, {"id": "1204", "sentiment score": "-0.113221"}, {"id": "1205", "sentiment score": "-0.156064"}, {"id": "1206", "sentiment score": "0.280041"}, {"id": "1207", "sentiment score": "0.330941"}, {"id": "1208", "sentiment score": "0.345623"}, {"id": "1209", "sentiment score": "-0.512427"}, {"id": "1210", "sentiment score": "-0.188701"}, {"id": "1211", "sentiment score": "0.295091"}, {"id": "1212", "sentiment score": "-0.186595"}, {"id": "1213", "sentiment score": "0.149585"}, {"id": "1214", "sentiment score": "0.0733935"}, {"id": "1215", "sentiment score": "0.35179"}, {"id": "1216", "sentiment score": "0.0348585"}, {"id": "1217", "sentiment score": "-0.0698496"}, {"id": "1218", "sentiment score": "0.373192"}, {"id": "1219", "sentiment score": "0.162931"}, {"id": "1220", "sentiment score": "-0.428189"}, {"id": "1221", "sentiment score": "0.163176"}, {"id": "1222", "sentiment score": "-0.483219"}, {"id": "1223", "sentiment score": "-0.579016"}, {"id": "1224", "sentiment score": "-0.806005"}, {"id": "1225", "sentiment score": "0.846427"}, {"id": "1226", "sentiment score": "-0.0259065"}, {"id": "1227", "sentiment score": "-0.635172"}, {"id": "1228", "sentiment score": "0.0962364"}, {"id": "1229", "sentiment score": "0.0367424"}, {"id": "1230", "sentiment score": "-0.135255"}, {"id": "1231", "sentiment score": "0.137313"}, {"id": "1232", "sentiment score": "0.414419"}, {"id": "1233", "sentiment score": "0.096689"}, {"id": "1234", "sentiment score": "-0.355615"}, {"id": "1235", "sentiment score": "0.654182"}, {"id": "1236", "sentiment score": "-0.451479"}, {"id": "1237", "sentiment score": "0.0173179"}, {"id": "1238", "sentiment score": "0.275183"}, {"id": "1239", "sentiment score": "0.424564"}, {"id": "1240", "sentiment score": "0.290439"}, {"id": "1241", "sentiment score": "0.11603"}, {"id": "1242", "sentiment score": "0.622714"}, {"id": "1243", "sentiment score": "0.349379"}, {"id": "1244", "sentiment score": "0.300905"}, {"id": "1245", "sentiment score": "0.290575"}, {"id": "1246", "sentiment score": "-0.177923"}, {"id": "1247", "sentiment score": "0.518384"}, {"id": "1248", "sentiment score": "-0.0195115"}, {"id": "1249", "sentiment score": "0.150708"}, {"id": "1250", "sentiment score": "0.0246219"}, {"id": "1251", "sentiment score": "-0.217263"}, {"id": "1252", "sentiment score": "0.2722"}, {"id": "1253", "sentiment score": "-0.0414721"}, {"id": "1254", "sentiment score": "0.416665"}, {"id": "1255", "sentiment score": "-0.344996"}, {"id": "1256", "sentiment score": "0.207647"}, {"id": "1257", "sentiment score": "-0.253993"}, {"id": "1258", "sentiment score": "0.0883138"}, {"id": "1259", "sentiment score": "-0.514618"}, {"id": "1260", "sentiment score": "0.46599"}, {"id": "1261", "sentiment score": "-0.858153"}, {"id": "1262", "sentiment score": "0.345647"}, {"id": "1263", "sentiment score": "-0.47998"}, {"id": "1264", "sentiment score": "0.0510894"}, {"id": "1265", "sentiment score": "-0.193383"}, {"id": "1266", "sentiment score": "0.334227"}, {"id": "1267", "sentiment score": "0.311999"}, {"id": "1268", "sentiment score": "0.302377"}, {"id": "1269", "sentiment score": "0.131162"}, {"id": "1270", "sentiment score": "0.312874"}, {"id": "1271", "sentiment score": "0.228364"}, {"id": "1272", "sentiment score": "0.170508"}, {"id": "1273", "sentiment score": "0.384979"}, {"id": "1274", "sentiment score": "0.439009"}, {"id": "1275", "sentiment score": "0.422938"}, {"id": "1276", "sentiment score": "-0.00140995"}, {"id": "1277", "sentiment score": "0.0149281"}, {"id": "1278", "sentiment score": "-0.53988"}, {"id": "1279", "sentiment score": "-0.267046"}, {"id": "1280", "sentiment score": "-0.355995"}, {"id": "1281", "sentiment score": "0.309304"}, {"id": "1282", "sentiment score": "0.240845"}, {"id": "1283", "sentiment score": "-0.00512462"}, {"id": "1284", "sentiment score": "0.224028"}, {"id": "1285", "sentiment score": "-0.311479"}, {"id": "1286", "sentiment score": "-0.107546"}, {"id": "1287", "sentiment score": "-0.00943921"}, {"id": "1288", "sentiment score": "-0.0798446"}, {"id": "1289", "sentiment score": "0.0783844"}, {"id": "1290", "sentiment score": "0.168292"}, {"id": "1291", "sentiment score": "0.149537"}, {"id": "1292", "sentiment score": "-0.0676544"}, {"id": "1293", "sentiment score": "-0.607858"}, {"id": "1294", "sentiment score": "0.371214"}, {"id": "1295", "sentiment score": "0.521708"}, {"id": "1296", "sentiment score": "-0.272411"}, {"id": "1297", "sentiment score": "0.159002"}, {"id": "1298", "sentiment score": "-0.00130572"}, {"id": "1299", "sentiment score": "-0.0149916"}, {"id": "1300", "sentiment score": "0.150978"}, {"id": "1301", "sentiment score": "-0.581164"}, {"id": "1302", "sentiment score": "0.123508"}, {"id": "1303", "sentiment score": "0.266461"}, {"id": "1304", "sentiment score": "0.32233"}, {"id": "1305", "sentiment score": "0.0709023"}, {"id": "1306", "sentiment score": "0.537854"}, {"id": "1307", "sentiment score": "0.0318731"}, {"id": "1308", "sentiment score": "0.330999"}, {"id": "1309", "sentiment score": "-0.74798"}, {"id": "1310", "sentiment score": "0.397451"}, {"id": "1311", "sentiment score": "0.288935"}, {"id": "1312", "sentiment score": "0.239677"}, {"id": "1313", "sentiment score": "0.193552"}, {"id": "1314", "sentiment score": "0.361597"}, {"id": "1315", "sentiment score": "-0.208958"}, {"id": "1316", "sentiment score": "-0.176439"}, {"id": "1317", "sentiment score": "-0.462889"}, {"id": "1318", "sentiment score": "0.461344"}, {"id": "1319", "sentiment score": "0.193919"}, {"id": "1320", "sentiment score": "-0.110446"}, {"id": "1321", "sentiment score": "0.0914607"}, {"id": "1322", "sentiment score": "-0.664346"}, {"id": "1323", "sentiment score": "0.145864"}, {"id": "1324", "sentiment score": "0.111343"}, {"id": "1325", "sentiment score": "0.30039"}, {"id": "1326", "sentiment score": "0.233273"}, {"id": "1327", "sentiment score": "0.0901685"}, {"id": "1328", "sentiment score": "-0.00145231"}, {"id": "1329", "sentiment score": "0.0883947"}, {"id": "1330", "sentiment score": "0.265555"}, {"id": "1331", "sentiment score": "-0.252457"}, {"id": "1332", "sentiment score": "0.237718"}, {"id": "1333", "sentiment score": "-0.104107"}, {"id": "1334", "sentiment score": "0.0541233"}, {"id": "1335", "sentiment score": "-0.0649449"}, {"id": "1336", "sentiment score": "0.0767023"}, {"id": "1337", "sentiment score": "-0.246767"}, {"id": "1338", "sentiment score": "-0.122146"}, {"id": "1339", "sentiment score": "0.20025"}, {"id": "1340", "sentiment score": "0.406375"}, {"id": "1341", "sentiment score": "0.13629"}, {"id": "1342", "sentiment score": "-0.293831"}, {"id": "1343", "sentiment score": "-0.252603"}, {"id": "1344", "sentiment score": "0.404107"}, {"id": "1345", "sentiment score": "0.425452"}, {"id": "1346", "sentiment score": "-0.174484"}, {"id": "1347", "sentiment score": "-0.103636"}, {"id": "1348", "sentiment score": "0.369615"}, {"id": "1349", "sentiment score": "0.384109"}, {"id": "1350", "sentiment score": "-0.254775"}, {"id": "1351", "sentiment score": "-0.0278385"}, {"id": "1352", "sentiment score": "0.0603925"}, {"id": "1353", "sentiment score": "0.308961"}, {"id": "1354", "sentiment score": "-0.0675408"}, {"id": "1355", "sentiment score": "0.365452"}, {"id": "1356", "sentiment score": "0.13206"}, {"id": "1357", "sentiment score": "0.362839"}, {"id": "1358", "sentiment score": "0.407162"}, {"id": "1359", "sentiment score": "-0.0729439"}, {"id": "1360", "sentiment score": "0.0646881"}, {"id": "1361", "sentiment score": "0.158284"}, {"id": "1362", "sentiment score": "-0.0124763"}, {"id": "1363", "sentiment score": "-0.00211243"}, {"id": "1364", "sentiment score": "-0.156372"}, {"id": "1365", "sentiment score": "-0.0756941"}, {"id": "1366", "sentiment score": "0.0541668"}, {"id": "1367", "sentiment score": "-0.406603"}, {"id": "1368", "sentiment score": "0.358825"}, {"id": "1369", "sentiment score": "-0.298666"}, {"id": "1370", "sentiment score": "-0.168077"}, {"id": "1371", "sentiment score": "0.206934"}, {"id": "1372", "sentiment score": "0.131293"}, {"id": "1373", "sentiment score": "0.191519"}, {"id": "1374", "sentiment score": "0.0233402"}, {"id": "1375", "sentiment score": "0.084753"}, {"id": "1376", "sentiment score": "0.278661"}, {"id": "1377", "sentiment score": "0.190453"}, {"id": "1378", "sentiment score": "0.299275"}, {"id": "1379", "sentiment score": "-0.106644"}, {"id": "1380", "sentiment score": "-0.141744"}, {"id": "1381", "sentiment score": "-0.471175"}, {"id": "1382", "sentiment score": "0.342586"}, {"id": "1383", "sentiment score": "0.421985"}, {"id": "1384", "sentiment score": "0.551571"}, {"id": "1385", "sentiment score": "-0.570887"}, {"id": "1386", "sentiment score": "0.334251"}, {"id": "1387", "sentiment score": "0.0128145"}, {"id": "1388", "sentiment score": "-0.142669"}, {"id": "1389", "sentiment score": "0.269459"}, {"id": "1390", "sentiment score": "0.278963"}, {"id": "1391", "sentiment score": "0.479193"}, {"id": "1392", "sentiment score": "0.499488"}, {"id": "1393", "sentiment score": "-0.0703331"}, {"id": "1394", "sentiment score": "-0.326682"}, {"id": "1395", "sentiment score": "-0.184404"}, {"id": "1396", "sentiment score": "-0.162726"}, {"id": "1397", "sentiment score": "0.28174"}, {"id": "1398", "sentiment score": "0.275329"}, {"id": "1399", "sentiment score": "0.3936"}, {"id": "1400", "sentiment score": "0.245862"}, {"id": "1401", "sentiment score": "0.393839"}, {"id": "1402", "sentiment score": "0.287396"}, {"id": "1403", "sentiment score": "0.182256"}, {"id": "1404", "sentiment score": "-0.238095"}, {"id": "1405", "sentiment score": "-0.203061"}, {"id": "1406", "sentiment score": "-0.262386"}, {"id": "1407", "sentiment score": "0.215852"}, {"id": "1408", "sentiment score": "0.365131"}, {"id": "1409", "sentiment score": "-0.514002"}, {"id": "1410", "sentiment score": "-0.176529"}, {"id": "1411", "sentiment score": "-0.883481"}, {"id": "1412", "sentiment score": "0.12663"}, {"id": "1413", "sentiment score": "0.300121"}, {"id": "1414", "sentiment score": "0.478185"}, {"id": "1415", "sentiment score": "0.617042"}, {"id": "1416", "sentiment score": "0.288553"}, {"id": "1417", "sentiment score": "0.318557"}, {"id": "1418", "sentiment score": "0.420972"}, {"id": "1419", "sentiment score": "-0.468728"}, {"id": "1420", "sentiment score": "0.447277"}, {"id": "1421", "sentiment score": "0.300657"}, {"id": "1422", "sentiment score": "-0.594781"}, {"id": "1423", "sentiment score": "0.0577521"}, {"id": "1424", "sentiment score": "-0.575411"}, {"id": "1425", "sentiment score": "0.138653"}, {"id": "1426", "sentiment score": "-0.00146045"}, {"id": "1427", "sentiment score": "0.557621"}, {"id": "1428", "sentiment score": "-0.0226567"}, {"id": "1429", "sentiment score": "0.307735"}, {"id": "1430", "sentiment score": "0.153135"}, {"id": "1431", "sentiment score": "0.146959"}, {"id": "1432", "sentiment score": "0.459278"}, {"id": "1433", "sentiment score": "-0.093809"}, {"id": "1434", "sentiment score": "0.645591"}, {"id": "1435", "sentiment score": "-0.00811478"}, {"id": "1436", "sentiment score": "-0.700624"}, {"id": "1437", "sentiment score": "-0.539365"}, {"id": "1438", "sentiment score": "0.126745"}, {"id": "1439", "sentiment score": "0.0816929"}, {"id": "1440", "sentiment score": "0.414678"}, {"id": "1441", "sentiment score": "0.0495602"}, {"id": "1442", "sentiment score": "0.106744"}, {"id": "1443", "sentiment score": "0.0891074"}, {"id": "1444", "sentiment score": "-0.563991"}, {"id": "1445", "sentiment score": "0.348673"}, {"id": "1446", "sentiment score": "0.0823077"}, {"id": "1447", "sentiment score": "-0.73465"}, {"id": "1448", "sentiment score": "-0.895737"}, {"id": "1449", "sentiment score": "0.0974051"}, {"id": "1450", "sentiment score": "0.255748"}, {"id": "1451", "sentiment score": "0.2552"}, {"id": "1452", "sentiment score": "0.192145"}, {"id": "1453", "sentiment score": "-0.453021"}, {"id": "1454", "sentiment score": "0.110522"}, {"id": "1455", "sentiment score": "0.256085"}, {"id": "1456", "sentiment score": "0.396872"}, {"id": "1457", "sentiment score": "0.0140129"}, {"id": "1458", "sentiment score": "0.527576"}, {"id": "1459", "sentiment score": "-0.262377"}, {"id": "1460", "sentiment score": "-0.634725"}, {"id": "1461", "sentiment score": "0.166404"}, {"id": "1462", "sentiment score": "0.122761"}, {"id": "1463", "sentiment score": "0.0948419"}, {"id": "1464", "sentiment score": "-0.314162"}, {"id": "1465", "sentiment score": "0.0669794"}, {"id": "1466", "sentiment score": "0.49499"}, {"id": "1467", "sentiment score": "-0.568378"}, {"id": "1468", "sentiment score": "-0.250976"}, {"id": "1469", "sentiment score": "0.388028"}, {"id": "1470", "sentiment score": "-0.0850564"}, {"id": "1471", "sentiment score": "0.458836"}, {"id": "1472", "sentiment score": "-0.289809"}, {"id": "1473", "sentiment score": "0.260669"}, {"id": "1474", "sentiment score": "-0.370131"}, {"id": "1475", "sentiment score": "0.00173742"}, {"id": "1476", "sentiment score": "0.0413763"}, {"id": "1477", "sentiment score": "0.0968294"}, {"id": "1478", "sentiment score": "0.0665386"}, {"id": "1479", "sentiment score": "0.204679"}, {"id": "1480", "sentiment score": "-0.626835"}, {"id": "1481", "sentiment score": "0.0581944"}, {"id": "1482", "sentiment score": "-0.0659394"}, {"id": "1483", "sentiment score": "0.239945"}, {"id": "1484", "sentiment score": "-0.150732"}, {"id": "1485", "sentiment score": "0.246739"}, {"id": "1486", "sentiment score": "-0.0541515"}, {"id": "1487", "sentiment score": "0.232889"}, {"id": "1488", "sentiment score": "0.313642"}, {"id": "1489", "sentiment score": "0.129813"}, {"id": "1490", "sentiment score": "0.361867"}, {"id": "1491", "sentiment score": "0.345228"}, {"id": "1492", "sentiment score": "-0.221282"}, {"id": "1493", "sentiment score": "0.0592207"}, {"id": "1494", "sentiment score": "0.261424"}, {"id": "1495", "sentiment score": "0.390046"}, {"id": "1496", "sentiment score": "0.00721614"}, {"id": "1497", "sentiment score": "0.309332"}, {"id": "1498", "sentiment score": "0.273781"}, {"id": "1499", "sentiment score": "0.229869"}, {"id": "1500", "sentiment score": "0.481468"}, {"id": "1501", "sentiment score": "0.435301"}, {"id": "1502", "sentiment score": "0.104016"}, {"id": "1503", "sentiment score": "-0.344673"}, {"id": "1504", "sentiment score": "-0.484985"}, {"id": "1505", "sentiment score": "0.045751"}, {"id": "1506", "sentiment score": "0.164228"}, {"id": "1507", "sentiment score": "0.560171"}, {"id": "1508", "sentiment score": "0.214346"}, {"id": "1509", "sentiment score": "0.275794"}, {"id": "1510", "sentiment score": "-0.063971"}, {"id": "1511", "sentiment score": "0.380242"}, {"id": "1512", "sentiment score": "-0.169741"}, {"id": "1513", "sentiment score": "-0.218958"}, {"id": "1514", "sentiment score": "0.227342"}, {"id": "1515", "sentiment score": "0.410904"}, {"id": "1516", "sentiment score": "0.562914"}, {"id": "1517", "sentiment score": "0.311408"}, {"id": "1518", "sentiment score": "-0.648955"}, {"id": "1519", "sentiment score": "-0.677439"}, {"id": "1520", "sentiment score": "-0.0483005"}, {"id": "1521", "sentiment score": "-0.00799651"}, {"id": "1522", "sentiment score": "0.373937"}, {"id": "1523", "sentiment score": "-0.677135"}, {"id": "1524", "sentiment score": "0.275328"}, {"id": "1525", "sentiment score": "-0.473511"}, {"id": "1526", "sentiment score": "0.438802"}, {"id": "1527", "sentiment score": "-0.170898"}, {"id": "1528", "sentiment score": "0.183611"}, {"id": "1529", "sentiment score": "0.535214"}, {"id": "1530", "sentiment score": "-0.645095"}, {"id": "1531", "sentiment score": "0.0980306"}, {"id": "1532", "sentiment score": "0.286392"}, {"id": "1533", "sentiment score": "0.112848"}, {"id": "1534", "sentiment score": "-0.267157"}, {"id": "1535", "sentiment score": "-0.0137486"}, {"id": "1536", "sentiment score": "-0.256247"}, {"id": "1537", "sentiment score": "-0.31363"}, {"id": "1538", "sentiment score": "0.651895"}, {"id": "1539", "sentiment score": "-0.283466"}, {"id": "1540", "sentiment score": "0.197223"}, {"id": "1541", "sentiment score": "-0.245508"}, {"id": "1542", "sentiment score": "-0.123392"}, {"id": "1543", "sentiment score": "-0.485495"}, {"id": "1544", "sentiment score": "-0.0565821"}, {"id": "1545", "sentiment score": "-0.568899"}, {"id": "1546", "sentiment score": "0.0395402"}, {"id": "1547", "sentiment score": "-0.464264"}, {"id": "1548", "sentiment score": "0.156509"}, {"id": "1549", "sentiment score": "0.453455"}, {"id": "1550", "sentiment score": "0.335148"}, {"id": "1551", "sentiment score": "-0.253644"}, {"id": "1552", "sentiment score": "-0.47487"}, {"id": "1553", "sentiment score": "0.0785115"}, {"id": "1554", "sentiment score": "0.445127"}, {"id": "1555", "sentiment score": "-0.0239141"}, {"id": "1556", "sentiment score": "0.37821"}, {"id": "1557", "sentiment score": "0.48224"}, {"id": "1558", "sentiment score": "0.184467"}, {"id": "1559", "sentiment score": "-0.698048"}, {"id": "1560", "sentiment score": "0.412592"}, {"id": "1561", "sentiment score": "0.107434"}, {"id": "1562", "sentiment score": "0.0647793"}, {"id": "1563", "sentiment score": "0.290209"}, {"id": "1564", "sentiment score": "0.307743"}, {"id": "1565", "sentiment score": "-0.288618"}, {"id": "1566", "sentiment score": "0.353082"}, {"id": "1567", "sentiment score": "0.323246"}, {"id": "1568", "sentiment score": "0.306477"}, {"id": "1569", "sentiment score": "0.421323"}, {"id": "1570", "sentiment score": "0.0705399"}, {"id": "1571", "sentiment score": "0.04375"}, {"id": "1572", "sentiment score": "-0.363028"}, {"id": "1573", "sentiment score": "-0.418595"}, {"id": "1574", "sentiment score": "0.207713"}, {"id": "1575", "sentiment score": "-0.371532"}, {"id": "1576", "sentiment score": "-0.534151"}, {"id": "1577", "sentiment score": "-0.564661"}, {"id": "1578", "sentiment score": "0.235548"}, {"id": "1579", "sentiment score": "0.1299"}, {"id": "1580", "sentiment score": "-0.165723"}, {"id": "1581", "sentiment score": "0.27786"}, {"id": "1582", "sentiment score": "0.105016"}, {"id": "1583", "sentiment score": "-0.506817"}, {"id": "1584", "sentiment score": "0.167251"}, {"id": "1585", "sentiment score": "0.435526"}, {"id": "1586", "sentiment score": "0.534863"}, {"id": "1587", "sentiment score": "0.179448"}, {"id": "1588", "sentiment score": "0.241397"}, {"id": "1589", "sentiment score": "-0.621101"}, {"id": "1590", "sentiment score": "0.303604"}, {"id": "1591", "sentiment score": "-0.274746"}, {"id": "1592", "sentiment score": "0.446412"}, {"id": "1593", "sentiment score": "0.263165"}, {"id": "1594", "sentiment score": "-0.290416"}, {"id": "1595", "sentiment score": "-0.402891"}, {"id": "1596", "sentiment score": "0.253851"}, {"id": "1597", "sentiment score": "0.187784"}, {"id": "1598", "sentiment score": "-0.0895365"}, {"id": "1599", "sentiment score": "0.157896"}, {"id": "1600", "sentiment score": "-0.122779"}, {"id": "1601", "sentiment score": "0.428608"}, {"id": "1602", "sentiment score": "-0.519699"}, {"id": "1603", "sentiment score": "-0.318006"}, {"id": "1604", "sentiment score": "-0.0644142"}, {"id": "1605", "sentiment score": "0.149009"}, {"id": "1606", "sentiment score": "0.260971"}, {"id": "1607", "sentiment score": "0.103696"}, {"id": "1608", "sentiment score": "0.295319"}, {"id": "1609", "sentiment score": "-0.17491"}, {"id": "1610", "sentiment score": "0.327552"}, {"id": "1611", "sentiment score": "0.0785986"}, {"id": "1612", "sentiment score": "-0.56558"}, {"id": "1613", "sentiment score": "-0.529103"}, {"id": "1614", "sentiment score": "-0.522775"}, {"id": "1615", "sentiment score": "0.39082"}, {"id": "1616", "sentiment score": "0.453756"}, {"id": "1617", "sentiment score": "0.271112"}, {"id": "1618", "sentiment score": "0.235131"}, {"id": "1619", "sentiment score": "-0.178659"}, {"id": "1620", "sentiment score": "0.384503"}, {"id": "1621", "sentiment score": "0.288343"}, {"id": "1622", "sentiment score": "0.196679"}, {"id": "1623", "sentiment score": "-0.508165"}, {"id": "1624", "sentiment score": "0.588606"}, {"id": "1625", "sentiment score": "0.263714"}, {"id": "1626", "sentiment score": "-0.42597"}, {"id": "1627", "sentiment score": "0.33395"}, {"id": "1628", "sentiment score": "0.04267"}, {"id": "1629", "sentiment score": "-0.125611"}, {"id": "1630", "sentiment score": "-0.316496"}, {"id": "1631", "sentiment score": "-0.365983"}, {"id": "1632", "sentiment score": "0.136556"}, {"id": "1633", "sentiment score": "0.290155"}, {"id": "1634", "sentiment score": "0.0794494"}]