[{"id": "1144", "sentiment score": "0.508258"}, {"id": "1145", "sentiment score": "0.276012"}, {"id": "1146", "sentiment score": "-0.482827"}, {"id": "1147", "sentiment score": "0.217588"}, {"id": "1148", "sentiment score": "-0.449861"}, {"id": "1149", "sentiment score": "0.435323"}, {"id": "1150", "sentiment score": "0.167041"}, {"id": "1151", "sentiment score": "-0.419508"}, {"id": "1152", "sentiment score": "-0.246984"}, {"id": "1153", "sentiment score": "0.0674088"}, {"id": "1154", "sentiment score": "0.202904"}, {"id": "1155", "sentiment score": "0.324284"}, {"id": "1156", "sentiment score": "0.0624143"}, {"id": "1157", "sentiment score": "-0.310612"}, {"id": "1158", "sentiment score": "0.13803"}, {"id": "1159", "sentiment score": "0.234692"}, {"id": "1160", "sentiment score": "-0.257269"}, {"id": "1161", "sentiment score": "-0.467382"}, {"id": "1162", "sentiment score": "-0.0924342"}, {"id": "1163", "sentiment score": "0.278399"}, {"id": "1164", "sentiment score": "-0.0331674"}, {"id": "1165", "sentiment score": "0.244815"}, {"id": "1166", "sentiment score": "0.177227"}, {"id": "1167", "sentiment score": "0.403687"}, {"id": "1168", "sentiment score": "0.265155"}, {"id": "1169", "sentiment score": "0.375105"}, {"id": "1170", "sentiment score": "0.247262"}, {"id": "1171", "sentiment score": "-0.0941826"}, {"id": "1172", "sentiment score": "0.184411"}, {"id": "1173", "sentiment score": "0.279246"}, {"id": "1174", "sentiment score": "-0.100067"}, {"id": "1175", "sentiment score": "-0.427674"}, {"id": "1176", "sentiment score": "-0.301607"}, {"id": "1177", "sentiment score": "0.0228341"}, {"id": "1178", "sentiment score": "-0.389946"}, {"id": "1179", "sentiment score": "0.110717"}, {"id": "1180", "sentiment score": "0.507842"}, {"id": "1181", "sentiment score": "-0.366101"}, {"id": "1182", "sentiment score": "-0.0339658"}, {"id": "1183", "sentiment score": "0.301575"}, {"id": "1184", "sentiment score": "-0.0916258"}, {"id": "1185", "sentiment score": "0.178521"}, {"id": "1186", "sentiment score": "-0.154098"}, {"id": "1187", "sentiment score": "-0.40181"}, {"id": "1188", "sentiment score": "0.337949"}, {"id": "1189", "sentiment score": "-0.341702"}, {"id": "1190", "sentiment score": "0.164957"}, {"id": "1191", "sentiment score": "0.390329"}, {"id": "1192", "sentiment score": "-0.245199"}, {"id": "1193", "sentiment score": "-0.570518"}, {"id": "1194", "sentiment score": "0.0825212"}, {"id": "1195", "sentiment score": "-0.469757"}, {"id": "1196", "sentiment score": "0.0721934"}, {"id": "1197", "sentiment score": "-0.157629"}, {"id": "1198", "sentiment score": "0.19086"}, {"id": "1199", "sentiment score": "0.146806"}, {"id": "1200", "sentiment score": "-0.374112"}, {"id": "1201", "sentiment score": "-0.134596"}, {"id": "1202", "sentiment score": "-0.0455115"}, {"id": "1203", "sentiment score": "0.108651"}, {"id": "1204", "sentiment score": "-0.12346"}, {"id": "1205", "sentiment score": "-0.157291"}, {"id": "1206", "sentiment score": "0.221127"}, {"id": "1207", "sentiment score": "0.289971"}, {"id": "1208", "sentiment score": "0.235573"}, {"id": "1209", "sentiment score": "-0.443709"}, {"id": "1210", "sentiment score": "-0.168088"}, {"id": "1211", "sentiment score": "0.191005"}, {"id": "1212", "sentiment score": "-0.109582"}, {"id": "1213", "sentiment score": "0.0975637"}, {"id": "1214", "sentiment score": "-0.193936"}, {"id": "1215", "sentiment score": "0.265829"}, {"id": "1216", "sentiment score": "0.0145481"}, {"id": "1217", "sentiment score": "-0.0568631"}, {"id": "1218", "sentiment score": "0.304844"}, {"id": "1219", "sentiment score": "0.396609"}, {"id": "1220", "sentiment score": "-0.39251"}, {"id": "1221", "sentiment score": "-0.0325365"}, {"id": "1222", "sentiment score": "-0.444972"}, {"id": "1223", "sentiment score": "-0.587839"}, {"id": "1224", "sentiment score": "-0.761732"}, {"id": "1225", "sentiment score": "0.744308"}, {"id": "1226", "sentiment score": "-0.131581"}, {"id": "1227", "sentiment score": "-0.57695"}, {"id": "1228", "sentiment score": "0.0171822"}, {"id": "1229", "sentiment score": "-0.186775"}, {"id": "1230", "sentiment score": "-0.128124"}, {"id": "1231", "sentiment score": "0.151677"}, {"id": "1232", "sentiment score": "0.347264"}, {"id": "1233", "sentiment score": "0.0517743"}, {"id": "1234", "sentiment score": "-0.371418"}, {"id": "1235", "sentiment score": "0.599272"}, {"id": "1236", "sentiment score": "-0.419386"}, {"id": "1237", "sentiment score": "-0.0207068"}, {"id": "1238", "sentiment score": "0.212902"}, {"id": "1239", "sentiment score": "0.477392"}, {"id": "1240", "sentiment score": "0.170317"}, {"id": "1241", "sentiment score": "0.070746"}, {"id": "1242", "sentiment score": "0.515725"}, {"id": "1243", "sentiment score": "0.126679"}, {"id": "1244", "sentiment score": "0.303823"}, {"id": "1245", "sentiment score": "0.258501"}, {"id": "1246", "sentiment score": "-0.181431"}, {"id": "1247", "sentiment score": "0.410677"}, {"id": "1248", "sentiment score": "-0.127692"}, {"id": "1249", "sentiment score": "0.0726538"}, {"id": "1250", "sentiment score": "0.0105474"}, {"id": "1251", "sentiment score": "-0.264956"}, {"id": "1252", "sentiment score": "0.143503"}, {"id": "1253", "sentiment score": "-0.196159"}, {"id": "1254", "sentiment score": "0.32379"}, {"id": "1255", "sentiment score": "-0.324995"}, {"id": "1256", "sentiment score": "0.120215"}, {"id": "1257", "sentiment score": "-0.175611"}, {"id": "1258", "sentiment score": "0.035965"}, {"id": "1259", "sentiment score": "-0.441443"}, {"id": "1260", "sentiment score": "0.472703"}, {"id": "1261", "sentiment score": "-0.706581"}, {"id": "1262", "sentiment score": "0.299957"}, {"id": "1263", "sentiment score": "-0.478895"}, {"id": "1264", "sentiment score": "-0.0483912"}, {"id": "1265", "sentiment score": "-0.25864"}, {"id": "1266", "sentiment score": "0.175884"}, {"id": "1267", "sentiment score": "0.324123"}, {"id": "1268", "sentiment score": "0.149726"}, {"id": "1269", "sentiment score": "0.091536"}, {"id": "1270", "sentiment score": "0.186914"}, {"id": "1271", "sentiment score": "0.211643"}, {"id": "1272", "sentiment score": "-0.0212192"}, {"id": "1273", "sentiment score": "0.269841"}, {"id": "1274", "sentiment score": "0.388522"}, {"id": "1275", "sentiment score": "0.348845"}, {"id": "1276", "sentiment score": "0.0183594"}, {"id": "1277", "sentiment score": "-0.0180122"}, {"id": "1278", "sentiment score": "-0.424844"}, {"id": "1279", "sentiment score": "-0.470721"}, {"id": "1280", "sentiment score": "-0.296057"}, {"id": "1281", "sentiment score": "0.22673"}, {"id": "1282", "sentiment score": "0.217257"}, {"id": "1283", "sentiment score": "-0.0314723"}, {"id": "1284", "sentiment score": "0.211711"}, {"id": "1285", "sentiment score": "-0.122981"}, {"id": "1286", "sentiment score": "0.0276284"}, {"id": "1287", "sentiment score": "0.021513"}, {"id": "1288", "sentiment score": "-0.141916"}, {"id": "1289", "sentiment score": "0.0899386"}, {"id": "1290", "sentiment score": "0.117336"}, {"id": "1291", "sentiment score": "0.0542696"}, {"id": "1292", "sentiment score": "-0.0400487"}, {"id": "1293", "sentiment score": "-0.50415"}, {"id": "1294", "sentiment score": "0.264605"}, {"id": "1295", "sentiment score": "0.416526"}, {"id": "1296", "sentiment score": "-0.0817757"}, {"id": "1297", "sentiment score": "0.162346"}, {"id": "1298", "sentiment score": "0.0154819"}, {"id": "1299", "sentiment score": "-0.156331"}, {"id": "1300", "sentiment score": "0.173754"}, {"id": "1301", "sentiment score": "-0.373662"}, {"id": "1302", "sentiment score": "0.19189"}, {"id": "1303", "sentiment score": "0.228484"}, {"id": "1304", "sentiment score": "0.293437"}, {"id": "1305", "sentiment score": "0.03161"}, {"id": "1306", "sentiment score": "0.389491"}, {"id": "1307", "sentiment score": "4.62728e-06"}, {"id": "1308", "sentiment score": "0.313077"}, {"id": "1309", "sentiment score": "-0.647507"}, {"id": "1310", "sentiment score": "0.29363"}, {"id": "1311", "sentiment score": "0.171644"}, {"id": "1312", "sentiment score": "0.220572"}, {"id": "1313", "sentiment score": "0.138223"}, {"id": "1314", "sentiment score": "0.313511"}, {"id": "1315", "sentiment score": "-0.182272"}, {"id": "1316", "sentiment score": "-0.139547"}, {"id": "1317", "sentiment score": "-0.385635"}, {"id": "1318", "sentiment score": "0.364887"}, {"id": "1319", "sentiment score": "0.0847059"}, {"id": "1320", "sentiment score": "-0.12749"}, {"id": "1321", "sentiment score": "-0.0371595"}, {"id": "1322", "sentiment score": "-0.524556"}, {"id": "1323", "sentiment score": "0.133485"}, {"id": "1324", "sentiment score": "0.0283028"}, {"id": "1325", "sentiment score": "0.164196"}, {"id": "1326", "sentiment score": "0.140073"}, {"id": "1327", "sentiment score": "0.0776948"}, {"id": "1328", "sentiment score": "0.0118249"}, {"id": "1329", "sentiment score": "0.115776"}, {"id": "1330", "sentiment score": "0.23712"}, {"id": "1331", "sentiment score": "-0.265118"}, {"id": "1332", "sentiment score": "0.185314"}, {"id": "1333", "sentiment score": "-0.353684"}, {"id": "1334", "sentiment score": "-0.0388693"}, {"id": "1335", "sentiment score": "-0.240638"}, {"id": "1336", "sentiment score": "-0.16516"}, {"id": "1337", "sentiment score": "-0.217398"}, {"id": "1338", "sentiment score": "-0.043947"}, {"id": "1339", "sentiment score": "0.204798"}, {"id": "1340", "sentiment score": "0.318995"}, {"id": "1341", "sentiment score": "0.121292"}, {"id": "1342", "sentiment score": "-0.246706"}, {"id": "1343", "sentiment score": "-0.145386"}, {"id": "1344", "sentiment score": "0.25899"}, {"id": "1345", "sentiment score": "0.379149"}, {"id": "1346", "sentiment score": "-0.16936"}, {"id": "1347", "sentiment score": "-0.200839"}, {"id": "1348", "sentiment score": "0.247869"}, {"id": "1349", "sentiment score": "0.335177"}, {"id": "1350", "sentiment score": "-0.224235"}, {"id": "1351", "sentiment score": "-0.029681"}, {"id": "1352", "sentiment score": "-0.0295849"}, {"id": "1353", "sentiment score": "0.240522"}, {"id": "1354", "sentiment score": "-0.237115"}, {"id": "1355", "sentiment score": "0.348545"}, {"id": "1356", "sentiment score": "0.0787703"}, {"id": "1357", "sentiment score": "0.266426"}, {"id": "1358", "sentiment score": "0.352877"}, {"id": "1359", "sentiment score": "-0.0995444"}, {"id": "1360", "sentiment score": "0.0189987"}, {"id": "1361", "sentiment score": "0.0531237"}, {"id": "1362", "sentiment score": "-0.0727207"}, {"id": "1363", "sentiment score": "-0.0386169"}, {"id": "1364", "sentiment score": "-0.112692"}, {"id": "1365", "sentiment score": "-0.0483125"}, {"id": "1366", "sentiment score": "-0.0040784"}, {"id": "1367", "sentiment score": "-0.423652"}, {"id": "1368", "sentiment score": "0.317035"}, {"id": "1369", "sentiment score": "-0.322046"}, {"id": "1370", "sentiment score": "-0.268163"}, {"id": "1371", "sentiment score": "0.113081"}, {"id": "1372", "sentiment score": "0.0228461"}, {"id": "1373", "sentiment score": "0.169995"}, {"id": "1374", "sentiment score": "0.0393454"}, {"id": "1375", "sentiment score": "0.068619"}, {"id": "1376", "sentiment score": "0.244509"}, {"id": "1377", "sentiment score": "0.0827046"}, {"id": "1378", "sentiment score": "0.21108"}, {"id": "1379", "sentiment score": "-0.277232"}, {"id": "1380", "sentiment score": "-0.163773"}, {"id": "1381", "sentiment score": "-0.36671"}, {"id": "1382", "sentiment score": "0.257506"}, {"id": "1383", "sentiment score": "0.149585"}, {"id": "1384", "sentiment score": "0.551215"}, {"id": "1385", "sentiment score": "-0.35433"}, {"id": "1386", "sentiment score": "0.283092"}, {"id": "1387", "sentiment score": "0.0218502"}, {"id": "1388", "sentiment score": "-0.180749"}, {"id": "1389", "sentiment score": "0.199932"}, {"id": "1390", "sentiment score": "0.233586"}, {"id": "1391", "sentiment score": "0.403853"}, {"id": "1392", "sentiment score": "0.404561"}, {"id": "1393", "sentiment score": "-0.086937"}, {"id": "1394", "sentiment score": "-0.195549"}, {"id": "1395", "sentiment score": "-0.215818"}, {"id": "1396", "sentiment score": "-0.249009"}, {"id": "1397", "sentiment score": "0.173058"}, {"id": "1398", "sentiment score": "0.273997"}, {"id": "1399", "sentiment score": "0.253264"}, {"id": "1400", "sentiment score": "0.240827"}, {"id": "1401", "sentiment score": "0.24877"}, {"id": "1402", "sentiment score": "0.197679"}, {"id": "1403", "sentiment score": "0.0561416"}, {"id": "1404", "sentiment score": "-0.123033"}, {"id": "1405", "sentiment score": "-0.1713"}, {"id": "1406", "sentiment score": "-0.328317"}, {"id": "1407", "sentiment score": "-0.028182"}, {"id": "1408", "sentiment score": "0.32559"}, {"id": "1409", "sentiment score": "-0.432385"}, {"id": "1410", "sentiment score": "-0.0929736"}, {"id": "1411", "sentiment score": "-0.768635"}, {"id": "1412", "sentiment score": "0.0658629"}, {"id": "1413", "sentiment score": "0.203325"}, {"id": "1414", "sentiment score": "0.384862"}, {"id": "1415", "sentiment score": "0.552924"}, {"id": "1416", "sentiment score": "0.249989"}, {"id": "1417", "sentiment score": "0.2558"}, {"id": "1418", "sentiment score": "0.382564"}, {"id": "1419", "sentiment score": "-0.41256"}, {"id": "1420", "sentiment score": "0.435213"}, {"id": "1421", "sentiment score": "0.12466"}, {"id": "1422", "sentiment score": "-0.601748"}, {"id": "1423", "sentiment score": "0.0148958"}, {"id": "1424", "sentiment score": "-0.614638"}, {"id": "1425", "sentiment score": "0.100205"}, {"id": "1426", "sentiment score": "-0.106426"}, {"id": "1427", "sentiment score": "0.467747"}, {"id": "1428", "sentiment score": "-0.00969392"}, {"id": "1429", "sentiment score": "0.277762"}, {"id": "1430", "sentiment score": "0.124884"}, {"id": "1431", "sentiment score": "0.0740262"}, {"id": "1432", "sentiment score": "0.415354"}, {"id": "1433", "sentiment score": "-0.0536211"}, {"id": "1434", "sentiment score": "0.602442"}, {"id": "1435", "sentiment score": "-0.0305471"}, {"id": "1436", "sentiment score": "-0.572092"}, {"id": "1437", "sentiment score": "-0.496096"}, {"id": "1438", "sentiment score": "0.0795843"}, {"id": "1439", "sentiment score": "-0.0495599"}, {"id": "1440", "sentiment score": "0.284865"}, {"id": "1441", "sentiment score": "-0.0981386"}, {"id": "1442", "sentiment score": "0.0158069"}, {"id": "1443", "sentiment score": "0.0462745"}, {"id": "1444", "sentiment score": "-0.626833"}, {"id": "1445", "sentiment score": "0.181773"}, {"id": "1446", "sentiment score": "-0.0231907"}, {"id": "1447", "sentiment score": "-0.700971"}, {"id": "1448", "sentiment score": "-0.822976"}, {"id": "1449", "sentiment score": "-0.0224379"}, {"id": "1450", "sentiment score": "0.198834"}, {"id": "1451", "sentiment score": "0.126222"}, {"id": "1452", "sentiment score": "0.109053"}, {"id": "1453", "sentiment score": "-0.356323"}, {"id": "1454", "sentiment score": "0.0817316"}, {"id": "1455", "sentiment score": "0.180293"}, {"id": "1456", "sentiment score": "0.318852"}, {"id": "1457", "sentiment score": "0.0544433"}, {"id": "1458", "sentiment score": "0.466758"}, {"id": "1459", "sentiment score": "-0.183734"}, {"id": "1460", "sentiment score": "-0.599477"}, {"id": "1461", "sentiment score": "0.118703"}, {"id": "1462", "sentiment score": "-0.0109747"}, {"id": "1463", "sentiment score": "0.0708912"}, {"id": "1464", "sentiment score": "-0.229239"}, {"id": "1465", "sentiment score": "0.0401258"}, {"id": "1466", "sentiment score": "0.432616"}, {"id": "1467", "sentiment score": "-0.687149"}, {"id": "1468", "sentiment score": "-0.159572"}, {"id": "1469", "sentiment score": "0.328484"}, {"id": "1470", "sentiment score": "-0.130989"}, {"id": "1471", "sentiment score": "0.363291"}, {"id": "1472", "sentiment score": "-0.211394"}, {"id": "1473", "sentiment score": "0.336107"}, {"id": "1474", "sentiment score": "-0.367117"}, {"id": "1475", "sentiment score": "-0.0573424"}, {"id": "1476", "sentiment score": "0.0412311"}, {"id": "1477", "sentiment score": "0.0363483"}, {"id": "1478", "sentiment score": "0.0973022"}, {"id": "1479", "sentiment score": "0.199166"}, {"id": "1480", "sentiment score": "-0.521708"}, {"id": "1481", "sentiment score": "-0.000805996"}, {"id": "1482", "sentiment score": "-0.120393"}, {"id": "1483", "sentiment score": "0.0468489"}, {"id": "1484", "sentiment score": "0.00521511"}, {"id": "1485", "sentiment score": "0.201741"}, {"id": "1486", "sentiment score": "-0.10898"}, {"id": "1487", "sentiment score": "0.191383"}, {"id": "1488", "sentiment score": "0.180446"}, {"id": "1489", "sentiment score": "0.179959"}, {"id": "1490", "sentiment score": "0.317656"}, {"id": "1491", "sentiment score": "0.281188"}, {"id": "1492", "sentiment score": "-0.174556"}, {"id": "1493", "sentiment score": "0.00886415"}, {"id": "1494", "sentiment score": "0.181292"}, {"id": "1495", "sentiment score": "0.331212"}, {"id": "1496", "sentiment score": "-0.0571086"}, {"id": "1497", "sentiment score": "0.122557"}, {"id": "1498", "sentiment score": "0.203643"}, {"id": "1499", "sentiment score": "0.1961"}, {"id": "1500", "sentiment score": "0.403917"}, {"id": "1501", "sentiment score": "0.475591"}, {"id": "1502", "sentiment score": "-0.0845693"}, {"id": "1503", "sentiment score": "-0.31719"}, {"id": "1504", "sentiment score": "-0.405283"}, {"id": "1505", "sentiment score": "0.00356923"}, {"id": "1506", "sentiment score": "0.0855373"}, {"id": "1507", "sentiment score": "0.407977"}, {"id": "1508", "sentiment score": "0.16093"}, {"id": "1509", "sentiment score": "0.129321"}, {"id": "1510", "sentiment score": "-0.102115"}, {"id": "1511", "sentiment score": "0.336337"}, {"id": "1512", "sentiment score": "-0.236161"}, {"id": "1513", "sentiment score": "-0.183261"}, {"id": "1514", "sentiment score": "0.10061"}, {"id": "1515", "sentiment score": "0.328246"}, {"id": "1516", "sentiment score": "0.503145"}, {"id": "1517", "sentiment score": "0.164025"}, {"id": "1518", "sentiment score": "-0.574186"}, {"id": "1519", "sentiment score": "-0.607457"}, {"id": "1520", "sentiment score": "-0.139786"}, {"id": "1521", "sentiment score": "0.0245959"}, {"id": "1522", "sentiment score": "0.199992"}, {"id": "1523", "sentiment score": "-0.578152"}, {"id": "1524", "sentiment score": "0.147501"}, {"id": "1525", "sentiment score": "-0.309724"}, {"id": "1526", "sentiment score": "0.408526"}, {"id": "1527", "sentiment score": "-0.0133376"}, {"id": "1528", "sentiment score": "0.127056"}, {"id": "1529", "sentiment score": "0.493251"}, {"id": "1530", "sentiment score": "-0.613794"}, {"id": "1531", "sentiment score": "-0.135075"}, {"id": "1532", "sentiment score": "0.131125"}, {"id": "1533", "sentiment score": "0.0296078"}, {"id": "1534", "sentiment score": "-0.232835"}, {"id": "1535", "sentiment score": "-0.056933"}, {"id": "1536", "sentiment score": "-0.244044"}, {"id": "1537", "sentiment score": "-0.335187"}, {"id": "1538", "sentiment score": "0.533216"}, {"id": "1539", "sentiment score": "-0.23402"}, {"id": "1540", "sentiment score": "0.20971"}, {"id": "1541", "sentiment score": "-0.32181"}, {"id": "1542", "sentiment score": "-0.178594"}, {"id": "1543", "sentiment score": "-0.518048"}, {"id": "1544", "sentiment score": "-0.150683"}, {"id": "1545", "sentiment score": "-0.537796"}, {"id": "1546", "sentiment score": "0.0143161"}, {"id": "1547", "sentiment score": "-0.393699"}, {"id": "1548", "sentiment score": "0.0958256"}, {"id": "1549", "sentiment score": "0.35002"}, {"id": "1550", "sentiment score": "0.275776"}, {"id": "1551", "sentiment score": "-0.318403"}, {"id": "1552", "sentiment score": "-0.437939"}, {"id": "1553", "sentiment score": "0.0274785"}, {"id": "1554", "sentiment score": "0.433036"}, {"id": "1555", "sentiment score": "-0.119522"}, {"id": "1556", "sentiment score": "0.34236"}, {"id": "1557", "sentiment score": "0.379291"}, {"id": "1558", "sentiment score": "0.100198"}, {"id": "1559", "sentiment score": "-0.553443"}, {"id": "1560", "sentiment score": "0.323111"}, {"id": "1561", "sentiment score": "0.0308537"}, {"id": "1562", "sentiment score": "-0.0391067"}, {"id": "1563", "sentiment score": "0.300894"}, {"id": "1564", "sentiment score": "0.294884"}, {"id": "1565", "sentiment score": "-0.333548"}, {"id": "1566", "sentiment score": "0.241587"}, {"id": "1567", "sentiment score": "0.249847"}, {"id": "1568", "sentiment score": "0.269504"}, {"id": "1569", "sentiment score": "0.3541"}, {"id": "1570", "sentiment score": "0.0296702"}, {"id": "1571", "sentiment score": "-0.135065"}, {"id": "1572", "sentiment score": "-0.416463"}, {"id": "1573", "sentiment score": "-0.390826"}, {"id": "1574", "sentiment score": "0.211244"}, {"id": "1575", "sentiment score": "-0.321977"}, {"id": "1576", "sentiment score": "-0.563398"}, {"id": "1577", "sentiment score": "-0.557336"}, {"id": "1578", "sentiment score": "0.195254"}, {"id": "1579", "sentiment score": "0.0934611"}, {"id": "1580", "sentiment score": "-0.130446"}, {"id": "1581", "sentiment score": "0.211467"}, {"id": "1582", "sentiment score": "0.0992134"}, {"id": "1583", "sentiment score": "-0.508679"}, {"id": "1584", "sentiment score": "0.0642982"}, {"id": "1585", "sentiment score": "0.374987"}, {"id": "1586", "sentiment score": "0.494443"}, {"id": "1587", "sentiment score": "0.154189"}, {"id": "1588", "sentiment score": "0.178723"}, {"id": "1589", "sentiment score": "-0.510775"}, {"id": "1590", "sentiment score": "0.162966"}, {"id": "1591", "sentiment score": "-0.283492"}, {"id": "1592", "sentiment score": "0.467925"}, {"id": "1593", "sentiment score": "0.215276"}, {"id": "1594", "sentiment score": "-0.361333"}, {"id": "1595", "sentiment score": "-0.233625"}, {"id": "1596", "sentiment score": "0.182631"}, {"id": "1597", "sentiment score": "0.163144"}, {"id": "1598", "sentiment score": "-0.183711"}, {"id": "1599", "sentiment score": "0.121946"}, {"id": "1600", "sentiment score": "-0.0922691"}, {"id": "1601", "sentiment score": "0.323428"}, {"id": "1602", "sentiment score": "-0.303833"}, {"id": "1603", "sentiment score": "-0.306118"}, {"id": "1604", "sentiment score": "-0.201793"}, {"id": "1605", "sentiment score": "0.0829898"}, {"id": "1606", "sentiment score": "0.139078"}, {"id": "1607", "sentiment score": "0.018418"}, {"id": "1608", "sentiment score": "0.227136"}, {"id": "1609", "sentiment score": "-0.085333"}, {"id": "1610", "sentiment score": "0.32153"}, {"id": "1611", "sentiment score": "0.0220449"}, {"id": "1612", "sentiment score": "-0.511567"}, {"id": "1613", "sentiment score": "-0.45103"}, {"id": "1614", "sentiment score": "-0.450909"}, {"id": "1615", "sentiment score": "0.351938"}, {"id": "1616", "sentiment score": "0.392886"}, {"id": "1617", "sentiment score": "0.1585"}, {"id": "1618", "sentiment score": "0.144329"}, {"id": "1619", "sentiment score": "-0.157251"}, {"id": "1620", "sentiment score": "0.343262"}, {"id": "1621", "sentiment score": "0.261264"}, {"id": "1622", "sentiment score": "0.0478801"}, {"id": "1623", "sentiment score": "-0.466029"}, {"id": "1624", "sentiment score": "0.603171"}, {"id": "1625", "sentiment score": "0.384571"}, {"id": "1626", "sentiment score": "-0.207857"}, {"id": "1627", "sentiment score": "0.26458"}, {"id": "1628", "sentiment score": "-0.0182378"}, {"id": "1629", "sentiment score": "-0.16164"}, {"id": "1630", "sentiment score": "-0.330546"}, {"id": "1631", "sentiment score": "-0.312963"}, {"id": "1632", "sentiment score": "0.195168"}, {"id": "1633", "sentiment score": "0.258403"}, {"id": "1634", "sentiment score": "0.0580573"}]