[{"cashtag": "$COST", "sentiment score": "-0.283596", "id": 709723193125175300}, {"cashtag": "$CTRP", "sentiment score": "0.352183", "id": 719529094652698600}, {"cashtag": "$INTC", "sentiment score": "-0.026304", "id": 39048670}, {"cashtag": "$PANW", "sentiment score": "0.204908", "id": 37048093}, {"cashtag": "$JRCC", "sentiment score": "0.406874", "id": 6207860}, {"cashtag": "$SBUX", "sentiment score": "0.39464", "id": 719911771625140200}, {"cashtag": "$TSLA", "sentiment score": "-0.233943", "id": 719571433307955200}, {"cashtag": "$MAR", "sentiment score": "0.322139", "id": 711874651043926000}, {"cashtag": "$ABBV", "sentiment score": "0.202285", "id": 719559500852662300}, {"cashtag": "$MS", "sentiment score": "-0.429728", "id": 709737853639663600}, {"cashtag": "$BJRI", "sentiment score": "0.473568", "id": 30084443}, {"cashtag": "$AAPL", "sentiment score": "0.261137", "id": 711948847971307500}, {"cashtag": "$MCD", "sentiment score": "0.691688", "id": 710211237058093000}, {"cashtag": "$GWPH", "sentiment score": "0.452809", "id": 709777793798656000}, {"cashtag": "$QUNR", "sentiment score": "0.141212", "id": 719917003033681900}, {"cashtag": "$ESI", "sentiment score": "0.352372", "id": 39047884}, {"cashtag": "$TSLA", "sentiment score": "-0.169656", "id": 719590251891658800}, {"cashtag": "$HYG", "sentiment score": "0.454833", "id": 32349177}, {"cashtag": "$AMZN", "sentiment score": "0.356298", "id": 5933426}, {"cashtag": "$MW", "sentiment score": "-0.487838", "id": 17892972}, {"cashtag": "$MSTX", "sentiment score": "0.368146", "id": 22409313}, {"cashtag": "$TSLA", "sentiment score": "-0.165149", "id": 719895099300139000}, {"cashtag": "$FB", "sentiment score": "-0.0124366", "id": 719533378698100700}, {"cashtag": "$DARA", "sentiment score": "0.0810979", "id": 11685342}, {"cashtag": "$GS", "sentiment score": "-0.142388", "id": 38563467}, {"cashtag": "$BAC", "sentiment score": "0.262298", "id": 8472562}, {"cashtag": "$AMZN", "sentiment score": "-0.0322399", "id": 719796218071621600}, {"cashtag": "$SPY", "sentiment score": "-0.43286", "id": 5866181}, {"cashtag": "$DVAX", "sentiment score": "-0.170635", "id": 26553639}, {"cashtag": "$ENDP", "sentiment score": "0.233013", "id": 719571926285312000}, {"cashtag": "$VMW", "sentiment score": "0.38721", "id": 5453104}, {"cashtag": "$FB", "sentiment score": "0.353422", "id": 708381004180795400}, {"cashtag": "$BIDU", "sentiment score": "0.40055", "id": 5960481}, {"cashtag": "$COST", "sentiment score": "0.315704", "id": 709780511200317400}, {"cashtag": "$CPGX", "sentiment score": "0.452598", "id": 708355634857529300}, {"cashtag": "$INTC", "sentiment score": "-0.320858", "id": 709741154393133000}, {"cashtag": "$FB", "sentiment score": "0.244992", "id": 719515248571473900}, {"cashtag": "$UNXL", "sentiment score": "0.281735", "id": 29666346}, {"cashtag": "$AAPL", "sentiment score": "-0.27713", "id": 15981627}, {"cashtag": "$ENDP", "sentiment score": "0.191667", "id": 719573068864032800}, {"cashtag": "$VPRT", "sentiment score": "0.30238", "id": 5379023}, {"cashtag": "$AMP", "sentiment score": "0.320463", "id": 710965451677827100}, {"cashtag": "$AMRN", "sentiment score": "-0.114872", "id": 24697241}, {"cashtag": "$GOOG", "sentiment score": "0.180076", "id": 5853626}, {"cashtag": "$PLUG", "sentiment score": "0.0288727", "id": 34103560}, {"cashtag": "$BBRY", "sentiment score": "-0.277638", "id": 29364798}, {"cashtag": "$KGC", "sentiment score": "0.438053", "id": 15349675}, {"cashtag": "$TWTR", "sentiment score": "0.322034", "id": 710475186353475600}, {"cashtag": "$OGS", "sentiment score": "0.414094", "id": 719732320404709400}, {"cashtag": "$AAPL", "sentiment score": "-0.168281", "id": 35980487}, {"cashtag": "$HYG", "sentiment score": "0.36653", "id": 710863854381563900}, {"cashtag": "$USO", "sentiment score": "-0.0793215", "id": 719493174167625700}, {"cashtag": "$AAPL", "sentiment score": "-0.314864", "id": 7867073}, {"cashtag": "$RA", "sentiment score": "0.0723022", "id": 8562689}, {"cashtag": "$INSY", "sentiment score": "0.109035", "id": 719538296204959700}, {"cashtag": "$CSX", "sentiment score": "0.40604", "id": 719498634803458000}, {"cashtag": "$FB", "sentiment score": "0.0927159", "id": 719524328363073500}, {"cashtag": "$BBBY", "sentiment score": "-0.202986", "id": 27121711}, {"cashtag": "$DB", "sentiment score": "0.0663464", "id": 719881403970818000}, {"cashtag": "$INSY", "sentiment score": "-0.290215", "id": 719507659741872100}, {"cashtag": "$JPM", "sentiment score": "0.550767", "id": 719535506980266000}, {"cashtag": "$FB", "sentiment score": "0.454458", "id": 719881985909350400}, {"cashtag": "$CROX", "sentiment score": "-0.0118417", "id": 24458298}, {"cashtag": "$SCTY", "sentiment score": "0.166007", "id": 17782586}, {"cashtag": "$AAPL", "sentiment score": "0.302695", "id": 5497092}, {"cashtag": "$NTRS", "sentiment score": "-0.0528412", "id": 38224737}, {"cashtag": "$VZ", "sentiment score": "-0.185384", "id": 36006797}, {"cashtag": "$GOOGL", "sentiment score": "0.364519", "id": 719571596462133200}, {"cashtag": "$SUNE", "sentiment score": "-0.144582", "id": 709411365299982300}, {"cashtag": "$SBUX", "sentiment score": "-0.108928", "id": 719550842475393000}, {"cashtag": "$KNDI", "sentiment score": "0.387383", "id": 23547862}, {"cashtag": "$MSFT", "sentiment score": "0.537091", "id": 6178538}, {"cashtag": "$SIRI", "sentiment score": "0.386941", "id": 719508310207111200}, {"cashtag": "$NFLX", "sentiment score": "-0.378033", "id": 719535831040401400}, {"cashtag": "$AAPL", "sentiment score": "0.0726325", "id": 30856626}, {"cashtag": "$IMRS", "sentiment score": "0.173234", "id": 31132360}, {"cashtag": "$ONTY", "sentiment score": "0.330548", "id": 37935490}, {"cashtag": "$NFLX", "sentiment score": "0.465672", "id": 719532032305573900}, {"cashtag": "$VNDA", "sentiment score": "0.244685", "id": 37892470}, {"cashtag": "$DISCA", "sentiment score": "0.348338", "id": 719614954500857900}, {"cashtag": "$PDCO", "sentiment score": "0.477374", "id": 708410688230842400}, {"cashtag": "$GS", "sentiment score": "-0.0311408", "id": 17785769}, {"cashtag": "$WM", "sentiment score": "0.362562", "id": 719551394798268400}, {"cashtag": "$AAPL", "sentiment score": "0.275495", "id": 11875799}, {"cashtag": "$BHP", "sentiment score": "0.0984429", "id": 5514207}, {"cashtag": "$DIA", "sentiment score": "-0.288406", "id": 37450150}, {"cashtag": "$DUST", "sentiment score": "-0.541742", "id": 719915914120921100}, {"cashtag": "$EDU", "sentiment score": "-0.188456", "id": 9738169}, {"cashtag": "$AAPL", "sentiment score": "0.0198516", "id": 8213941}, {"cashtag": "$FB", "sentiment score": "-0.0767429", "id": 719861575759372300}, {"cashtag": "$SNE", "sentiment score": "0.229078", "id": 31143613}, {"cashtag": "$GOOG", "sentiment score": "0.375797", "id": 709176395461750800}, {"cashtag": "$EUR", "sentiment score": "-0.41557", "id": 5835477}, {"cashtag": "$MFLX", "sentiment score": "-0.326855", "id": 6445155}, {"cashtag": "$FB", "sentiment score": "0.439339", "id": 719726286227132400}, {"cashtag": "$AIS", "sentiment score": "0.15588", "id": 5784142}, {"cashtag": "$VXX", "sentiment score": "0.0296013", "id": 31518357}, {"cashtag": "$KBE", "sentiment score": "0.485838", "id": 5398884}, {"cashtag": "$AAPL", "sentiment score": "0.183184", "id": 8351517}, {"cashtag": "$GOOG", "sentiment score": "0.319301", "id": 719905344957222900}, {"cashtag": "$NFLX", "sentiment score": "-0.000352482", "id": 719644552047362000}, {"cashtag": "$AAPL", "sentiment score": "0.15816", "id": 33623906}, {"cashtag": "$VZ", "sentiment score": "0.398699", "id": 719909604654624800}, {"cashtag": "$TSLA", "sentiment score": "-0.321633", "id": 719582832541179900}, {"cashtag": "$MAR", "sentiment score": "0.266428", "id": 719546315332546600}, {"cashtag": "$ABC", "sentiment score": "0.298753", "id": 711113383341199400}, {"cashtag": "$AAPL", "sentiment score": "-0.0782997", "id": 719493174167625700}, {"cashtag": "$MNK", "sentiment score": "-0.344187", "id": 709834259687710700}, {"cashtag": "$BBBY", "sentiment score": "0.224666", "id": 719528163596873700}, {"cashtag": "$IFF", "sentiment score": "-0.0384572", "id": 29289791}, {"cashtag": "$STLD", "sentiment score": "0.582217", "id": 37312789}, {"cashtag": "$GILD", "sentiment score": "0.338292", "id": 36297090}, {"cashtag": "$OIL", "sentiment score": "0.201555", "id": 5422915}, {"cashtag": "$AAPL", "sentiment score": "0.154082", "id": 32728385}, {"cashtag": "$WMT", "sentiment score": "-0.289686", "id": 709723193125175300}, {"cashtag": "$SLV", "sentiment score": "0.254077", "id": 11204903}, {"cashtag": "$AMZN", "sentiment score": "-0.265464", "id": 19607999}, {"cashtag": "$FLT", "sentiment score": "-0.449665", "id": 709779449663721500}, {"cashtag": "$UL", "sentiment score": "-0.433287", "id": 19388705}, {"cashtag": "$BBRY", "sentiment score": "0.310147", "id": 12800394}, {"cashtag": "$UUP", "sentiment score": "-0.170463", "id": 5526621}, {"cashtag": "$AAPL", "sentiment score": "0.308423", "id": 11983857}, {"cashtag": "$VG", "sentiment score": "-0.0027179", "id": 719644552047362000}, {"cashtag": "$IWC", "sentiment score": "0.329469", "id": 7399381}, {"cashtag": "$BEAT", "sentiment score": "-0.436019", "id": 20469877}, {"cashtag": "$HD", "sentiment score": "-0.286001", "id": 709723193125175300}, {"cashtag": "$TNA", "sentiment score": "0.328139", "id": 12196849}, {"cashtag": "$SPY", "sentiment score": "0.0834758", "id": 9416020}, {"cashtag": "$WMT", "sentiment score": "0.650113", "id": 9742736}, {"cashtag": "$FB", "sentiment score": "0.331546", "id": 710525327072583700}, {"cashtag": "$YHOO", "sentiment score": "0.26375", "id": 719587542337720300}, {"cashtag": "$AMCN", "sentiment score": "0.377865", "id": 18567587}, {"cashtag": "$FB", "sentiment score": "-0.126513", "id": 719525586863988700}, {"cashtag": "$HITK", "sentiment score": "0.350307", "id": 5582309}, {"cashtag": "$PPG", "sentiment score": "0.386635", "id": 9358281}, {"cashtag": "$SPX", "sentiment score": "-0.180342", "id": 5419254}, {"cashtag": "$OIL", "sentiment score": "-0.343961", "id": 29685449}, {"cashtag": "$SPY", "sentiment score": "-0.379215", "id": 708375808793026600}, {"cashtag": "$FB", "sentiment score": "-0.355518", "id": 22100916}, {"cashtag": "$TSLA", "sentiment score": "0.195321", "id": 17454753}, {"cashtag": "$FXE", "sentiment score": "-0.416684", "id": 719530996681568300}, {"cashtag": "$TSLA", "sentiment score": "0.293651", "id": 719562665081737200}, {"cashtag": "$NKE", "sentiment score": "0.407012", "id": 709776718026768400}, {"cashtag": "$ROST", "sentiment score": "0.418503", "id": 719732320404709400}, {"cashtag": "$SIRI", "sentiment score": "0.00667891", "id": 18183440}, {"cashtag": "$CDTI", "sentiment score": "0.324806", "id": 21026010}, {"cashtag": "$VRX", "sentiment score": "0.226883", "id": 709731726726193200}, {"cashtag": "$FB", "sentiment score": "0.459633", "id": 719891468173844500}, {"cashtag": "$WFC", "sentiment score": "0.322398", "id": 719599977480253400}, {"cashtag": "$AMZN", "sentiment score": "0.405884", "id": 709787137881858000}, {"cashtag": "$AIG", "sentiment score": "0.343058", "id": 719888646241955800}, {"cashtag": "$FTNT", "sentiment score": "0.216129", "id": 37048093}, {"cashtag": "$FB", "sentiment score": "0.299604", "id": 719576182941958100}, {"cashtag": "$AAPL", "sentiment score": "-0.103156", "id": 13152807}, {"cashtag": "$TSLA", "sentiment score": "0.222607", "id": 719520260181909500}, {"cashtag": "$AAPL", "sentiment score": "-0.35791", "id": 719753696339472400}, {"cashtag": "$SBUX", "sentiment score": "-0.104935", "id": 719872154641244200}, {"cashtag": "$BITA", "sentiment score": "0.514122", "id": 709389876295110700}, {"cashtag": "$CRM", "sentiment score": "0.37962", "id": 719849703106551800}, {"cashtag": "$SBUX", "sentiment score": "0.307746", "id": 9162226}, {"cashtag": "$RIMM", "sentiment score": "0.305822", "id": 5386257}, {"cashtag": "$SPY", "sentiment score": "0.494634", "id": 719515579372077000}, {"cashtag": "$TLT", "sentiment score": "0.385362", "id": 22780978}, {"cashtag": "$UVXY", "sentiment score": "-0.00694846", "id": 11238707}, {"cashtag": "$QQQ", "sentiment score": "0.381249", "id": 710158462253142000}, {"cashtag": "$GOOGL", "sentiment score": "-0.184875", "id": 719616495962067000}, {"cashtag": "$C", "sentiment score": "-0.000800018", "id": 719533378698100700}, {"cashtag": "$ACAD", "sentiment score": "0.244021", "id": 8499556}, {"cashtag": "$QJPN", "sentiment score": "0.496094", "id": 38895736}, {"cashtag": "$WSM", "sentiment score": "0.451672", "id": 709777793798656000}, {"cashtag": "$AAPL", "sentiment score": "-0.346569", "id": 13024560}, {"cashtag": "$COST", "sentiment score": "0.374715", "id": 719506353421709300}, {"cashtag": "$BB.CA", "sentiment score": "0.249122", "id": 35257107}, {"cashtag": "$ARNA", "sentiment score": "0.427215", "id": 8260657}, {"cashtag": "$ADBE", "sentiment score": "-0.190661", "id": 710827150266355700}, {"cashtag": "$ASMB", "sentiment score": "-0.425101", "id": 39047349}, {"cashtag": "$WFM", "sentiment score": "0.0291832", "id": 709765994416365600}, {"cashtag": "$TSLA", "sentiment score": "-0.241275", "id": 719534447771697200}, {"cashtag": "$AAPL", "sentiment score": "0.201209", "id": 709743356428025900}, {"cashtag": "$CHMT", "sentiment score": "0.608723", "id": 10602596}, {"cashtag": "$TSLA", "sentiment score": "-0.347562", "id": 719571428060766200}, {"cashtag": "$ALR", "sentiment score": "-0.417848", "id": 39047349}, {"cashtag": "$AAPL", "sentiment score": "-0.0298732", "id": 719796218071621600}, {"cashtag": "$BAC", "sentiment score": "0.354623", "id": 10920221}, {"cashtag": "$TSLA", "sentiment score": "-0.176946", "id": 710142505493405700}, {"cashtag": "$SPLS", "sentiment score": "0.267366", "id": 14140852}, {"cashtag": "$AAPL", "sentiment score": "-0.161637", "id": 6267912}, {"cashtag": "$JD", "sentiment score": "0.139502", "id": 709973585226571800}, {"cashtag": "$SPY", "sentiment score": "0.357746", "id": 5721348}, {"cashtag": "$CHKP", "sentiment score": "0.379454", "id": 719849703106551800}, {"cashtag": "$DNKN", "sentiment score": "0.527756", "id": 25571322}, {"cashtag": "$FAST", "sentiment score": "0.43786", "id": 5441240}, {"cashtag": "$VVUS", "sentiment score": "0.00500643", "id": 9982140}, {"cashtag": "$TWTR", "sentiment score": "-0.407989", "id": 708406053973659600}, {"cashtag": "$GOOG", "sentiment score": "0.331994", "id": 719693593066258400}, {"cashtag": "$MVIS", "sentiment score": "0.0267369", "id": 5614354}, {"cashtag": "$STX", "sentiment score": "0.320269", "id": 32427089}, {"cashtag": "$IRE", "sentiment score": "0.0871579", "id": 15946770}, {"cashtag": "$TSLA", "sentiment score": "0.00613628", "id": 709431643363213300}, {"cashtag": "$YHOO", "sentiment score": "-0.30809", "id": 719535209423593500}, {"cashtag": "$SPY", "sentiment score": "-0.226427", "id": 14655289}, {"cashtag": "$PCLN", "sentiment score": "-0.31028", "id": 28061995}, {"cashtag": "$LOCO", "sentiment score": "0.528683", "id": 25571322}, {"cashtag": "$NIHD", "sentiment score": "0.0541101", "id": 7040295}, {"cashtag": "$IBB", "sentiment score": "0.378648", "id": 24815315}, {"cashtag": "$SH", "sentiment score": "-0.142448", "id": 709411365299982300}, {"cashtag": "$SBUX", "sentiment score": "-0.0289036", "id": 719891971360165900}, {"cashtag": "$AXP", "sentiment score": "0.68964", "id": 710211237058093000}, {"cashtag": "$TSLA", "sentiment score": "-0.385804", "id": 21024991}, {"cashtag": "$HAL", "sentiment score": "0.457646", "id": 32349177}, {"cashtag": "$NBG", "sentiment score": "0.0683051", "id": 39048817}, {"cashtag": "$AMBA", "sentiment score": "0.588231", "id": 34122674}, {"cashtag": "$AAPL", "sentiment score": "0.075436", "id": 719615643918577700}, {"cashtag": "$ADBE", "sentiment score": "-0.0430308", "id": 21174505}, {"cashtag": "$AAPL", "sentiment score": "-0.187571", "id": 25032300}, {"cashtag": "$ISRG", "sentiment score": "0.684397", "id": 708399906990329900}, {"cashtag": "$TSLA", "sentiment score": "0.0226943", "id": 719572285170933800}, {"cashtag": "$BITA", "sentiment score": "0.442849", "id": 32753195}, {"cashtag": "$NFLX", "sentiment score": "-0.364147", "id": 5806487}, {"cashtag": "$GOOG", "sentiment score": "0.304789", "id": 13088382}, {"cashtag": "$DAL", "sentiment score": "0.0211364", "id": 719864087132442600}, {"cashtag": "$FB", "sentiment score": "0.383998", "id": 709758795648409600}, {"cashtag": "$INCY", "sentiment score": "0.125202", "id": 7737263}, {"cashtag": "$UWTI", "sentiment score": "-0.09363", "id": 719493174167625700}, {"cashtag": "$F", "sentiment score": "0.389177", "id": 19500150}, {"cashtag": "$AAPL", "sentiment score": "-0.18977", "id": 10413981}, {"cashtag": "$CTXS", "sentiment score": "0.116177", "id": 719467784007192600}, {"cashtag": "$FB", "sentiment score": "0.246404", "id": 9999828}, {"cashtag": "$SPY", "sentiment score": "0.0141112", "id": 719864087132442600}, {"cashtag": "$MSFT", "sentiment score": "-0.238179", "id": 17610673}, {"cashtag": "$GMCR", "sentiment score": "-0.0659568", "id": 5554666}, {"cashtag": "$VXX", "sentiment score": "0.368633", "id": 710863854381563900}, {"cashtag": "$DIS", "sentiment score": "0.548136", "id": 719535506980266000}, {"cashtag": "$BBRY", "sentiment score": "-0.13471", "id": 38563467}, {"cashtag": "$GD", "sentiment score": "0.489126", "id": 5795737}, {"cashtag": "$AAPL", "sentiment score": "0.346234", "id": 14756968}, {"cashtag": "$CSCO", "sentiment score": "0.40391", "id": 708416296665399300}, {"cashtag": "$NFLX", "sentiment score": "-0.246695", "id": 710060125063614500}, {"cashtag": "$FRS", "sentiment score": "0.340432", "id": 15928669}, {"cashtag": "$CSCO", "sentiment score": "-0.245036", "id": 719661137411747800}, {"cashtag": "$FB", "sentiment score": "-0.503405", "id": 719519136318169100}, {"cashtag": "$V", "sentiment score": "0.0991356", "id": 17785769}, {"cashtag": "$STX", "sentiment score": "0.452798", "id": 719720776027353100}, {"cashtag": "$CTXS", "sentiment score": "0.459497", "id": 710532117164232700}, {"cashtag": "$AAPL", "sentiment score": "-0.375094", "id": 12799689}, {"cashtag": "$AAPL", "sentiment score": "0.211972", "id": 8123917}, {"cashtag": "$GOOG", "sentiment score": "0.266913", "id": 709362616578154500}, {"cashtag": "$SPY", "sentiment score": "0.218713", "id": 710822084579086300}, {"cashtag": "$SID", "sentiment score": "-0.348909", "id": 709834259687710700}, {"cashtag": "$NOK", "sentiment score": "0.169705", "id": 12790708}, {"cashtag": "$SBUX", "sentiment score": "-0.396515", "id": 719873426136150000}, {"cashtag": "$AMS", "sentiment score": "0.368423", "id": 719609967565803500}, {"cashtag": "$KORS", "sentiment score": "-0.315132", "id": 8308437}, {"cashtag": "$KGC", "sentiment score": "0.40825", "id": 24504842}, {"cashtag": "$ZIOP", "sentiment score": "-0.251212", "id": 37340646}, {"cashtag": "$YHOO", "sentiment score": "0.314978", "id": 719620962094870500}, {"cashtag": "$EZPW", "sentiment score": "0.415555", "id": 7177668}, {"cashtag": "$AAPL", "sentiment score": "0.36624", "id": 12732850}, {"cashtag": "$AMZN", "sentiment score": "0.153802", "id": 719811329922625500}, {"cashtag": "$TSLA", "sentiment score": "-0.225164", "id": 711712771675652100}, {"cashtag": "$YHOO", "sentiment score": "0.31291", "id": 719634617465081900}, {"cashtag": "$WMT", "sentiment score": "0.690415", "id": 710211237058093000}, {"cashtag": "$AAL", "sentiment score": "0.227246", "id": 719937548668256300}, {"cashtag": "$BRCM", "sentiment score": "0.345334", "id": 18038613}, {"cashtag": "$SPY", "sentiment score": "-0.225289", "id": 9393661}, {"cashtag": "$MSFT", "sentiment score": "0.233754", "id": 31143613}, {"cashtag": "$JNPR", "sentiment score": "-0.256628", "id": 719661137411747800}, {"cashtag": "$QCOR", "sentiment score": "0.385155", "id": 8746240}, {"cashtag": "$SSO", "sentiment score": "0.228365", "id": 5512185}, {"cashtag": "$HPJ", "sentiment score": "-0.447308", "id": 30741682}, {"cashtag": "$LPTH", "sentiment score": "0.0115638", "id": 38028268}, {"cashtag": "$BMRN", "sentiment score": "0.342659", "id": 709483088603119600}, {"cashtag": "$HGSI", "sentiment score": "0.242317", "id": 6783339}, {"cashtag": "$PVA", "sentiment score": "-0.293658", "id": 38793629}, {"cashtag": "$FB", "sentiment score": "-0.162485", "id": 719486879842902000}, {"cashtag": "$YHOO", "sentiment score": "-0.00083457", "id": 719644552047362000}, {"cashtag": "$EWJ", "sentiment score": "0.20888", "id": 9182739}, {"cashtag": "$CSCO", "sentiment score": "0.405272", "id": 24504842}, {"cashtag": "$PBMD", "sentiment score": "0.332577", "id": 38240250}, {"cashtag": "$FB", "sentiment score": "0.115062", "id": 719525463878557700}, {"cashtag": "$W", "sentiment score": "-0.209162", "id": 719556016749330400}, {"cashtag": "$DTV", "sentiment score": "0.329453", "id": 32427089}, {"cashtag": "$HLF", "sentiment score": "-0.125857", "id": 11149717}, {"cashtag": "$AAPL", "sentiment score": "0.107582", "id": 35559365}, {"cashtag": "$EROS", "sentiment score": "0.214352", "id": 711910931937112000}, {"cashtag": "$GILD", "sentiment score": "0.393376", "id": 719923191058210800}, {"cashtag": "$HZNP", "sentiment score": "-0.356325", "id": 710187873492983800}, {"cashtag": "$CTRP", "sentiment score": "0.524004", "id": 709398139195641900}, {"cashtag": "$NEIK", "sentiment score": "0.149165", "id": 709765435546185700}, {"cashtag": "$TXRH", "sentiment score": "0.349701", "id": 13286015}, {"cashtag": "$BAC", "sentiment score": "0.367614", "id": 710863854381563900}, {"cashtag": "$CO", "sentiment score": "0.426147", "id": 29679970}, {"cashtag": "$WYNN", "sentiment score": "0.320875", "id": 39048791}, {"cashtag": "$FB", "sentiment score": "0.178758", "id": 719884758520606700}, {"cashtag": "$AAPL", "sentiment score": "0.326451", "id": 719534350509948900}, {"cashtag": "$TSLA", "sentiment score": "0.137808", "id": 719725258480046100}, {"cashtag": "$BMO", "sentiment score": "0.702897", "id": 6003051}, {"cashtag": "$SPY", "sentiment score": "0.294441", "id": 27434594}, {"cashtag": "$EEM", "sentiment score": "0.366436", "id": 710863854381563900}, {"cashtag": "$MSFT", "sentiment score": "0.380256", "id": 710130452808536000}, {"cashtag": "$PAY", "sentiment score": "0.267597", "id": 13277173}, {"cashtag": "$FXI", "sentiment score": "0.0844397", "id": 5514207}, {"cashtag": "$FB", "sentiment score": "-0.0857748", "id": 22167633}, {"cashtag": "$CSOD", "sentiment score": "0.347991", "id": 25330712}, {"cashtag": "$FIO", "sentiment score": "0.269854", "id": 6206304}, {"cashtag": "$BIB", "sentiment score": "0.331721", "id": 711956003999211500}, {"cashtag": "$AMZN", "sentiment score": "0.415119", "id": 710849407844028400}, {"cashtag": "$NXPI", "sentiment score": "0.383854", "id": 719529978308603900}, {"cashtag": "$AAPL", "sentiment score": "0.313198", "id": 6763560}, {"cashtag": "$CAT", "sentiment score": "-0.286112", "id": 10103332}, {"cashtag": "$RF", "sentiment score": "0.453245", "id": 709777793798656000}, {"cashtag": "$YHOO", "sentiment score": "0.319075", "id": 719513471289860100}, {"cashtag": "$NFLX", "sentiment score": "0.386522", "id": 710620435121971200}, {"cashtag": "$HAL", "sentiment score": "-0.325821", "id": 29712507}, {"cashtag": "$APP", "sentiment score": "0.249089", "id": 24229806}, {"cashtag": "$GTAT", "sentiment score": "0.237562", "id": 27655637}, {"cashtag": "$SBRY", "sentiment score": "0.317807", "id": 719563779378438100}, {"cashtag": "$FB", "sentiment score": "0.229052", "id": 719535349379285000}, {"cashtag": "$PLUG", "sentiment score": "-0.463362", "id": 26218325}, {"cashtag": "$SPY", "sentiment score": "-0.294039", "id": 719519346557657100}, {"cashtag": "$MSFT", "sentiment score": "-0.38651", "id": 21368480}, {"cashtag": "$AAPL", "sentiment score": "0.376499", "id": 719500525914492900}, {"cashtag": "$CALX", "sentiment score": "0.12566", "id": 7737263}, {"cashtag": "$TSLA", "sentiment score": "0.270064", "id": 719532321855025200}, {"cashtag": "$BAC", "sentiment score": "0.388935", "id": 18249994}, {"cashtag": "$HRL", "sentiment score": "0.149944", "id": 23416197}, {"cashtag": "$VIPS", "sentiment score": "-0.173863", "id": 26943825}, {"cashtag": "$PYPL", "sentiment score": "-0.515399", "id": 719528681605959700}, {"cashtag": "$SPPI", "sentiment score": "0.161646", "id": 7139227}, {"cashtag": "$INO", "sentiment score": "-0.0772283", "id": 24458298}, {"cashtag": "$EURUSD", "sentiment score": "0.326599", "id": 719478441544925200}, {"cashtag": "$FCX", "sentiment score": "0.19044", "id": 29012822}, {"cashtag": "$SBUX", "sentiment score": "0.388241", "id": 719523247604285400}, {"cashtag": "$BBRY", "sentiment score": "0.323063", "id": 14695795}, {"cashtag": "$HOT", "sentiment score": "0.367225", "id": 719597174946992100}, {"cashtag": "$PYPL", "sentiment score": "0.427898", "id": 711946103189426200}, {"cashtag": "$AAPL", "sentiment score": "-0.285012", "id": 7284904}, {"cashtag": "$GS", "sentiment score": "0.0963663", "id": 6135022}, {"cashtag": "$SPY", "sentiment score": "-0.37426", "id": 719535831040401400}, {"cashtag": "$VECO", "sentiment score": "0.127996", "id": 13028004}, {"cashtag": "$LNKD", "sentiment score": "0.360796", "id": 12108658}, {"cashtag": "$SPY", "sentiment score": "-0.497481", "id": 6148018}, {"cashtag": "$FB", "sentiment score": "0.443832", "id": 17025255}, {"cashtag": "$GS", "sentiment score": "0.365292", "id": 710863854381563900}, {"cashtag": "$AMRN", "sentiment score": "0.0357465", "id": 9346026}, {"cashtag": "$SCTY", "sentiment score": "0.39918", "id": 719909604654624800}, {"cashtag": "$SPY", "sentiment score": "-0.546137", "id": 719575574101016600}, {"cashtag": "$LUV", "sentiment score": "0.0682693", "id": 709745040826966000}, {"cashtag": "$TSLA", "sentiment score": "0.210993", "id": 719927267867103200}, {"cashtag": "$BBRY", "sentiment score": "-0.210531", "id": 13552568}, {"cashtag": "$WYNN", "sentiment score": "-0.416703", "id": 5466785}, {"cashtag": "$GOOG", "sentiment score": "-0.123993", "id": 719945914270556200}, {"cashtag": "$AAPL", "sentiment score": "0.124874", "id": 33296832}, {"cashtag": "$IVZ", "sentiment score": "-0.446365", "id": 709779449663721500}, {"cashtag": "$AAPL", "sentiment score": "-0.0330486", "id": 5703818}, {"cashtag": "$LYB", "sentiment score": "0.324769", "id": 10041230}, {"cashtag": "$AAPL", "sentiment score": "-0.186862", "id": 719574026134237200}, {"cashtag": "$WTS", "sentiment score": "-0.429966", "id": 5679790}, {"cashtag": "$TIBX", "sentiment score": "-0.33515", "id": 5801762}, {"cashtag": "$HMC", "sentiment score": "0.397491", "id": 13415559}, {"cashtag": "$GLUU", "sentiment score": "0.43588", "id": 22410112}, {"cashtag": "$IPG", "sentiment score": "0.372411", "id": 719665168431456300}, {"cashtag": "$F", "sentiment score": "-0.374629", "id": 708960045799759900}, {"cashtag": "$STX", "sentiment score": "0.424714", "id": 719528591168565200}, {"cashtag": "$GOOG", "sentiment score": "0.0705888", "id": 719599233280512000}, {"cashtag": "$CYTR", "sentiment score": "0.0795368", "id": 28127317}, {"cashtag": "$AMGN", "sentiment score": "0.314623", "id": 719549796994814000}, {"cashtag": "$WGO&", "sentiment score": "-0.211345", "id": 8056516}, {"cashtag": "$UNG", "sentiment score": "-0.146359", "id": 8168244}, {"cashtag": "$AAPL", "sentiment score": "0.261003", "id": 710580416634171400}, {"cashtag": "$TZA", "sentiment score": "0.330944", "id": 5350721}, {"cashtag": "$NDX", "sentiment score": "0.35866", "id": 19869247}, {"cashtag": "$CLF", "sentiment score": "0.374234", "id": 15208067}, {"cashtag": "$ATVI", "sentiment score": "0.374381", "id": 719849703106551800}, {"cashtag": "$FB", "sentiment score": "0.427144", "id": 710232348738986000}, {"cashtag": "$AAPL", "sentiment score": "-0.323979", "id": 10932475}, {"cashtag": "$AAPL", "sentiment score": "0.304566", "id": 9739175}, {"cashtag": "$OPK", "sentiment score": "0.0953485", "id": 35161526}, {"cashtag": "$HTZ", "sentiment score": "0.453166", "id": 709777793798656000}, {"cashtag": "$BBRY", "sentiment score": "-0.365045", "id": 15479707}, {"cashtag": "$ULTA", "sentiment score": "0.463313", "id": 719532032305573900}, {"cashtag": "$AAPL", "sentiment score": "0.205084", "id": 36961143}, {"cashtag": "$CFG", "sentiment score": "0.35024", "id": 719614954500857900}, {"cashtag": "$ACOM", "sentiment score": "0.497919", "id": 5898485}, {"cashtag": "$AMZN", "sentiment score": "0.328051", "id": 719540521576882200}, {"cashtag": "$TRIP", "sentiment score": "0.0976182", "id": 719869785249460200}, {"cashtag": "$VIAB", "sentiment score": "0.385617", "id": 719656300863299600}, {"cashtag": "$ACRX", "sentiment score": "0.343201", "id": 24946705}, {"cashtag": "$NFLX", "sentiment score": "0.166135", "id": 719545628985004000}, {"cashtag": "$ISRG", "sentiment score": "0.0658285", "id": 711022398322008000}, {"cashtag": "$DNKN", "sentiment score": "0.0530724", "id": 30800444}, {"cashtag": "$GPRO", "sentiment score": "0.487769", "id": 35143213}, {"cashtag": "$SBUX", "sentiment score": "0.0454528", "id": 719623898627616800}, {"cashtag": "$IP", "sentiment score": "0.544731", "id": 5849433}, {"cashtag": "$BBBY", "sentiment score": "0.255762", "id": 719503915591413800}, {"cashtag": "$RXII", "sentiment score": "0.360538", "id": 27783065}, {"cashtag": "$GOOG", "sentiment score": "-0.109951", "id": 710221245716021200}, {"cashtag": "$AAPL", "sentiment score": "0.361725", "id": 709738392968364000}, {"cashtag": "$ITC", "sentiment score": "0.355688", "id": 719950370294792200}, {"cashtag": "$AAPL", "sentiment score": "-0.160607", "id": 719859934662365200}, {"cashtag": "$ENB.CA", "sentiment score": "0.461951", "id": 35243913}, {"cashtag": "$NFLX", "sentiment score": "0.396326", "id": 719530483898421200}, {"cashtag": "$EK", "sentiment score": "-0.421804", "id": 5679790}, {"cashtag": "$AAPL", "sentiment score": "0.263595", "id": 15256814}, {"cashtag": "$BLUE", "sentiment score": "-0.374425", "id": 719652260322476000}, {"cashtag": "$SDS", "sentiment score": "-0.231683", "id": 5481072}, {"cashtag": "$FB", "sentiment score": "0.201871", "id": 719571578892206100}, {"cashtag": "$TSLA", "sentiment score": "0.182113", "id": 709382760092160000}, {"cashtag": "$EBAY", "sentiment score": "0.324033", "id": 719914922310643700}, {"cashtag": "$TSLA", "sentiment score": "-0.317414", "id": 719519768349249500}, {"cashtag": "$FB", "sentiment score": "0.147334", "id": 719612808913006600}, {"cashtag": "$REGN", "sentiment score": "0.314239", "id": 709580205204099100}, {"cashtag": "$FREE", "sentiment score": "0.368248", "id": 37400198}, {"cashtag": "$AAL", "sentiment score": "0.41593", "id": 719547552874512400}, {"cashtag": "$LNC", "sentiment score": "0.451419", "id": 708355634857529300}, {"cashtag": "$ADBE", "sentiment score": "0.436617", "id": 710145820939706400}, {"cashtag": "$XLU", "sentiment score": "0.273939", "id": 35596867}, {"cashtag": "$RXII", "sentiment score": "0.273495", "id": 26722177}, {"cashtag": "$TZA", "sentiment score": "0.322749", "id": 5670556}, {"cashtag": "$CPIX", "sentiment score": "0.08899", "id": 38242955}, {"cashtag": "$MU", "sentiment score": "0.219904", "id": 6190411}, {"cashtag": "$PAL", "sentiment score": "-0.300671", "id": 36657723}, {"cashtag": "$AAPL", "sentiment score": "-0.166752", "id": 8301393}, {"cashtag": "$AMZN", "sentiment score": "-0.527539", "id": 33349961}, {"cashtag": "$SPY", "sentiment score": "-0.289269", "id": 13998560}, {"cashtag": "$CSCO", "sentiment score": "0.690387", "id": 710211237058093000}, {"cashtag": "$XLE", "sentiment score": "-0.18156", "id": 37081094}, {"cashtag": "$M", "sentiment score": "0.43623", "id": 719545488702177300}, {"cashtag": "$AAPL", "sentiment score": "-0.499867", "id": 16084152}, {"cashtag": "$SBUX", "sentiment score": "-0.260907", "id": 719869647907110900}, {"cashtag": "$DHI", "sentiment score": "0.449766", "id": 708355634857529300}, {"cashtag": "$FTI", "sentiment score": "0.492976", "id": 24943436}, {"cashtag": "$AMGN", "sentiment score": "-0.448342", "id": 709779449663721500}, {"cashtag": "$AAPL", "sentiment score": "-0.397504", "id": 7043040}, {"cashtag": "$FB", "sentiment score": "0.237986", "id": 711720585143967700}, {"cashtag": "$TZA", "sentiment score": "-0.330257", "id": 5359914}, {"cashtag": "$AMZN", "sentiment score": "0.40832", "id": 719555610497273900}, {"cashtag": "$SLW", "sentiment score": "0.074494", "id": 5514207}, {"cashtag": "$IBM", "sentiment score": "0.32619", "id": 719905344957222900}, {"cashtag": "$AAPL", "sentiment score": "0.140835", "id": 5853626}, {"cashtag": "$INTU", "sentiment score": "-0.215163", "id": 719497506808328200}, {"cashtag": "$QCOM", "sentiment score": "0.260285", "id": 7678713}, {"cashtag": "$GE", "sentiment score": "0.504759", "id": 12248515}, {"cashtag": "$INTC", "sentiment score": "0.443542", "id": 719891827529281500}, {"cashtag": "$UVXY", "sentiment score": "0.257535", "id": 12319255}, {"cashtag": "$SPY", "sentiment score": "0.116498", "id": 21130209}, {"cashtag": "$FB", "sentiment score": "-0.251869", "id": 710060125063614500}, {"cashtag": "$AAPL", "sentiment score": "-0.00666355", "id": 13134473}, {"cashtag": "$GA", "sentiment score": "-0.433662", "id": 19388705}, {"cashtag": "$NQ", "sentiment score": "0.231652", "id": 31143613}, {"cashtag": "$WDC", "sentiment score": "0.52172", "id": 719544293606735900}, {"cashtag": "$AAPL", "sentiment score": "-0.249344", "id": 9099325}, {"cashtag": "$SWHC", "sentiment score": "0.503955", "id": 12248515}, {"cashtag": "$DDD", "sentiment score": "-0.165733", "id": 21985811}, {"cashtag": "$CTRP", "sentiment score": "0.456566", "id": 19639364}, {"cashtag": "$AA", "sentiment score": "0.283685", "id": 21382309}, {"cashtag": "$AREX", "sentiment score": "-0.409856", "id": 30827588}, {"cashtag": "$TZA", "sentiment score": "0.0729522", "id": 5285681}, {"cashtag": "$AAPL", "sentiment score": "0.294911", "id": 719884784672120800}, {"cashtag": "$BIOC", "sentiment score": "0.337933", "id": 35898170}, {"cashtag": "$OSUR", "sentiment score": "0.435446", "id": 14631536}, {"cashtag": "$LNT", "sentiment score": "0.325052", "id": 5983670}, {"cashtag": "$TWTR", "sentiment score": "0.574012", "id": 25816362}, {"cashtag": "$TSLA", "sentiment score": "0.329967", "id": 719528411430051800}, {"cashtag": "$CVX", "sentiment score": "-0.306685", "id": 709741154393133000}, {"cashtag": "$SPY", "sentiment score": "0.0762824", "id": 5462494}, {"cashtag": "$MCD", "sentiment score": "-0.192958", "id": 38960261}, {"cashtag": "$AGU", "sentiment score": "0.337849", "id": 8658550}, {"cashtag": "$ZYNE", "sentiment score": "-0.345288", "id": 709834259687710700}, {"cashtag": "$MINE", "sentiment score": "0.184965", "id": 719536774821867500}, {"cashtag": "$GPRO", "sentiment score": "-0.148193", "id": 30506310}, {"cashtag": "$BIDU", "sentiment score": "0.0872546", "id": 719869800726544400}, {"cashtag": "$NFLX", "sentiment score": "-0.182215", "id": 21272771}, {"cashtag": "$RNN", "sentiment score": "0.38626", "id": 15852778}, {"cashtag": "$MFA", "sentiment score": "-0.454876", "id": 719520125582504000}, {"cashtag": "$SLV", "sentiment score": "-0.394257", "id": 14308451}, {"cashtag": "$CSCO", "sentiment score": "-0.0346152", "id": 9430169}, {"cashtag": "$ATRS", "sentiment score": "0.0321453", "id": 22514242}, {"cashtag": "$OASM", "sentiment score": "0.268647", "id": 719609780000657400}, {"cashtag": "$FB", "sentiment score": "-0.208071", "id": 8054825}, {"cashtag": "$AAPL", "sentiment score": "-0.0562302", "id": 5426139}, {"cashtag": "$F", "sentiment score": "-0.381892", "id": 5540055}, {"cashtag": "$GPRO", "sentiment score": "0.32754", "id": 719540521576882200}, {"cashtag": "$NFLX", "sentiment score": "0.354487", "id": 719847471036375000}, {"cashtag": "$AAPL", "sentiment score": "-0.208982", "id": 8896901}, {"cashtag": "$HLF", "sentiment score": "-0.318226", "id": 7867073}, {"cashtag": "$XLU", "sentiment score": "0.48024", "id": 33983714}, {"cashtag": "$AAPL", "sentiment score": "-0.280683", "id": 7817758}, {"cashtag": "$FIX", "sentiment score": "-0.0115766", "id": 5684290}, {"cashtag": "$QQQ", "sentiment score": "0.353399", "id": 29960476}, {"cashtag": "$LNKD", "sentiment score": "0.0727869", "id": 5819749}, {"cashtag": "$GOOGL", "sentiment score": "-0.235339", "id": 710060125063614500}, {"cashtag": "$GOOGL", "sentiment score": "0.399199", "id": 719909604654624800}, {"cashtag": "$NQ", "sentiment score": "0.249615", "id": 19135590}, {"cashtag": "$HZNP", "sentiment score": "-0.0271641", "id": 8870370}, {"cashtag": "$ARNA", "sentiment score": "-0.144233", "id": 8307465}, {"cashtag": "$ENDP", "sentiment score": "-0.0258403", "id": 709818213618442200}, {"cashtag": "$AMZN", "sentiment score": "-0.323534", "id": 10932475}, {"cashtag": "$YHOO", "sentiment score": "0.420737", "id": 719571725420269600}, {"cashtag": "$COMPQ", "sentiment score": "-0.562621", "id": 11781180}, {"cashtag": "$ACET", "sentiment score": "-0.411822", "id": 719473167945732100}, {"cashtag": "$MSFT", "sentiment score": "0.15994", "id": 719627739347755000}, {"cashtag": "$NLSN", "sentiment score": "0.370894", "id": 719665168431456300}, {"cashtag": "$PLUG", "sentiment score": "0.389057", "id": 34366754}, {"cashtag": "$SU", "sentiment score": "0.301653", "id": 7800016}, {"cashtag": "$ALK", "sentiment score": "0.616914", "id": 719904304207962100}, {"cashtag": "$GOOGL", "sentiment score": "0.188811", "id": 710541213422776300}, {"cashtag": "$JCP", "sentiment score": "-0.0640189", "id": 30800471}, {"cashtag": "$DAL", "sentiment score": "0.615934", "id": 719904304207962100}, {"cashtag": "$NFLX", "sentiment score": "0.231002", "id": 719535349379285000}, {"cashtag": "$SBH", "sentiment score": "-0.324914", "id": 7867073}, {"cashtag": "$AAPL", "sentiment score": "0.228883", "id": 719535349379285000}, {"cashtag": "$YOKU", "sentiment score": "0.0879089", "id": 7820993}, {"cashtag": "$BLUE", "sentiment score": "-0.419566", "id": 719530996681568300}, {"cashtag": "$SPN", "sentiment score": "0.452605", "id": 12767826}, {"cashtag": "$AAPL", "sentiment score": "-0.225328", "id": 13673151}, {"cashtag": "$AAPL", "sentiment score": "-0.264385", "id": 710117230718148600}, {"cashtag": "$FB", "sentiment score": "-0.193875", "id": 719596613874745300}, {"cashtag": "$PLUG", "sentiment score": "-0.0169515", "id": 26491756}, {"cashtag": "$APC", "sentiment score": "0.366359", "id": 719551394798268400}, {"cashtag": "$TSLA", "sentiment score": "0.157063", "id": 711874109286711300}, {"cashtag": "$AAPL", "sentiment score": "-0.157952", "id": 719607788364832800}, {"cashtag": "$TSLA", "sentiment score": "0.00453935", "id": 719572485251973100}, {"cashtag": "$CWEI", "sentiment score": "-0.532859", "id": 719699054645612500}, {"cashtag": "$LF", "sentiment score": "0.368449", "id": 22409313}, {"cashtag": "$FB", "sentiment score": "0.043202", "id": 8063870}, {"cashtag": "$FB", "sentiment score": "0.252063", "id": 719683753916899300}, {"cashtag": "$SLV", "sentiment score": "-0.388283", "id": 27018625}, {"cashtag": "$MT", "sentiment score": "-0.101258", "id": 719872154641244200}, {"cashtag": "$FIO", "sentiment score": "-0.237812", "id": 5359658}, {"cashtag": "$ICLR", "sentiment score": "0.383424", "id": 710594321481801700}, {"cashtag": "$QIHU", "sentiment score": "0.309929", "id": 17919593}, {"cashtag": "$IBB", "sentiment score": "0.331721", "id": 711956003999211500}, {"cashtag": "$EWH", "sentiment score": "0.210933", "id": 9182739}, {"cashtag": "$SA", "sentiment score": "0.315007", "id": 719517217247735800}, {"cashtag": "$CTRP", "sentiment score": "-0.532746", "id": 719699054645612500}, {"cashtag": "$SPY", "sentiment score": "-0.20036", "id": 13946775}, {"cashtag": "$FB", "sentiment score": "-0.151446", "id": 14898527}, {"cashtag": "$P", "sentiment score": "0.0897825", "id": 17807004}, {"cashtag": "$AMRN", "sentiment score": "0.27288", "id": 9655994}, {"cashtag": "$STZ", "sentiment score": "0.39873", "id": 719909604654624800}, {"cashtag": "$MCP", "sentiment score": "0.130199", "id": 14374679}, {"cashtag": "$GOOGL", "sentiment score": "0.397365", "id": 719520383699824600}, {"cashtag": "$TSLA", "sentiment score": "-0.306317", "id": 719572927562297300}, {"cashtag": "$CTRP", "sentiment score": "0.394523", "id": 719559558494969900}, {"cashtag": "$OASM", "sentiment score": "-0.535424", "id": 719699054645612500}, {"cashtag": "$FB", "sentiment score": "0.0244194", "id": 719508490616762400}, {"cashtag": "$AAPL", "sentiment score": "-0.170068", "id": 6132955}, {"cashtag": "$JJSF", "sentiment score": "-0.175782", "id": 719627436447535100}, {"cashtag": "$INVA", "sentiment score": "0.347392", "id": 719614954500857900}, {"cashtag": "$JNUG", "sentiment score": "0.286459", "id": 30091485}, {"cashtag": "$GOOG", "sentiment score": "0.289978", "id": 10698860}, {"cashtag": "$TSLA", "sentiment score": "0.14873", "id": 35960005}, {"cashtag": "$AMZN", "sentiment score": "0.218239", "id": 719884293732847600}, {"cashtag": "$SGYP", "sentiment score": "-0.307923", "id": 38651699}, {"cashtag": "$AMRN", "sentiment score": "0.182269", "id": 9456018}, {"cashtag": "$FMCN", "sentiment score": "-0.330884", "id": 5934720}, {"cashtag": "$CMG", "sentiment score": "0.367741", "id": 710863854381563900}, {"cashtag": "$CSCO", "sentiment score": "0.424088", "id": 710541216698335200}, {"cashtag": "$BDI", "sentiment score": "-0.518223", "id": 32381426}, {"cashtag": "$NFLX", "sentiment score": "0.176374", "id": 719942280258322400}, {"cashtag": "$SPY", "sentiment score": "0.151811", "id": 13895720}, {"cashtag": "$EBAY", "sentiment score": "0.0831256", "id": 719607804538044400}, {"cashtag": "$VOLC", "sentiment score": "0.339518", "id": 13116484}, {"cashtag": "$GILD", "sentiment score": "0.494285", "id": 709948124849115100}, {"cashtag": "$VRX", "sentiment score": "-0.511719", "id": 719585827374895100}, {"cashtag": "$YHOO", "sentiment score": "0.0778381", "id": 15715060}, {"cashtag": "$QQQ", "sentiment score": "-0.483393", "id": 719890047135281200}, {"cashtag": "$GDX", "sentiment score": "0.607298", "id": 30403288}, {"cashtag": "$BIDU", "sentiment score": "0.451628", "id": 19639364}, {"cashtag": "$AAPL", "sentiment score": "0.187011", "id": 7678713}, {"cashtag": "$TSLA", "sentiment score": "-0.281557", "id": 711188520115818500}, {"cashtag": "$ANTH", "sentiment score": "0.295864", "id": 9564221}, {"cashtag": "$PLUG", "sentiment score": "0.00170147", "id": 25735517}, {"cashtag": "$YHOO", "sentiment score": "-0.140186", "id": 719551384249634800}, {"cashtag": "$MRK", "sentiment score": "0.442118", "id": 719630671220777000}, {"cashtag": "$MNST", "sentiment score": "-0.323152", "id": 7867073}, {"cashtag": "$AAPL", "sentiment score": "0.306018", "id": 5576283}, {"cashtag": "$AAPL", "sentiment score": "-0.31423", "id": 710511181027536900}, {"cashtag": "$NSM", "sentiment score": "0.353029", "id": 9298895}, {"cashtag": "$SPY", "sentiment score": "0.102863", "id": 26037247}, {"cashtag": "$DVN", "sentiment score": "0.373905", "id": 711907079296933900}, {"cashtag": "$TROW", "sentiment score": "0.499092", "id": 24228488}, {"cashtag": "$SPX", "sentiment score": "-0.0916332", "id": 719493174167625700}, {"cashtag": "$DANG", "sentiment score": "-0.252789", "id": 719680445550587900}, {"cashtag": "$HRTX", "sentiment score": "-0.44771", "id": 709779449663721500}, {"cashtag": "$ANPPF", "sentiment score": "0.184123", "id": 719536774821867500}, {"cashtag": "$AAPL", "sentiment score": "-0.0598605", "id": 11041345}, {"cashtag": "$FAST", "sentiment score": "-0.232986", "id": 719877375102570500}, {"cashtag": "$AAPL", "sentiment score": "-0.0346378", "id": 710232349779300400}, {"cashtag": "$AMZN", "sentiment score": "0.37936", "id": 719849703106551800}, {"cashtag": "$MATW", "sentiment score": "0.232104", "id": 37516896}, {"cashtag": "$AAPL", "sentiment score": "-0.174114", "id": 8108130}, {"cashtag": "$SGYP", "sentiment score": "0.356816", "id": 38428783}, {"cashtag": "$ASHR", "sentiment score": "0.451278", "id": 709777793798656000}, {"cashtag": "$AMT", "sentiment score": "0.29782", "id": 6307787}, {"cashtag": "$TXN", "sentiment score": "0.471513", "id": 29695868}, {"cashtag": "$AMZN", "sentiment score": "0.368418", "id": 8412634}, {"cashtag": "$TRIP", "sentiment score": "0.441637", "id": 709398151283793900}, {"cashtag": "$SINA", "sentiment score": "-0.198336", "id": 6495505}, {"cashtag": "$C", "sentiment score": "0.368133", "id": 710863854381563900}, {"cashtag": "$TNA", "sentiment score": "0.338964", "id": 5350721}, {"cashtag": "$SBUX", "sentiment score": "-0.00469709", "id": 719881403970818000}, {"cashtag": "$CSX", "sentiment score": "0.346836", "id": 719862035396169700}, {"cashtag": "$CTRP", "sentiment score": "0.262065", "id": 719530610193137700}, {"cashtag": "$SPY", "sentiment score": "-0.0191627", "id": 32430292}, {"cashtag": "$M", "sentiment score": "0.317467", "id": 710965451677827100}, {"cashtag": "$AAPL", "sentiment score": "-0.0311512", "id": 15804408}, {"cashtag": "$CYBX", "sentiment score": "0.134053", "id": 15526518}, {"cashtag": "$ITF", "sentiment score": "0.497665", "id": 38895736}, {"cashtag": "$FB", "sentiment score": "0.465514", "id": 719593062406598700}, {"cashtag": "$VVUS", "sentiment score": "-0.517068", "id": 8701834}, {"cashtag": "$GMCR", "sentiment score": "-0.0873883", "id": 5662488}, {"cashtag": "$AKS", "sentiment score": "0.418234", "id": 31795627}, {"cashtag": "$CAT", "sentiment score": "0.538919", "id": 6178538}, {"cashtag": "$YHOO", "sentiment score": "0.0821038", "id": 6202274}, {"cashtag": "$SDS", "sentiment score": "0.408372", "id": 7842859}, {"cashtag": "$COWN", "sentiment score": "0.321171", "id": 39047416}, {"cashtag": "$ACAD", "sentiment score": "0.230929", "id": 20249627}, {"cashtag": "$WFM", "sentiment score": "0.21772", "id": 719584100227526700}, {"cashtag": "$BBRY", "sentiment score": "0.385332", "id": 33172382}, {"cashtag": "$ARIA", "sentiment score": "0.397747", "id": 11025416}, {"cashtag": "$XHB", "sentiment score": "0.219146", "id": 5704419}, {"cashtag": "$AMRN", "sentiment score": "0.275917", "id": 13560345}, {"cashtag": "$JNK", "sentiment score": "-0.315851", "id": 6692038}, {"cashtag": "$JD", "sentiment score": "0.322096", "id": 719781150554722300}, {"cashtag": "$BHI", "sentiment score": "0.452923", "id": 12767826}, {"cashtag": "$WYN", "sentiment score": "0.207939", "id": 719559500852662300}, {"cashtag": "$TSLA", "sentiment score": "0.137824", "id": 708898404181475300}, {"cashtag": "$KNDI", "sentiment score": "0.438525", "id": 34060864}, {"cashtag": "$AAPL", "sentiment score": "0.251773", "id": 719549030892744700}, {"cashtag": "$ARIA", "sentiment score": "0.337621", "id": 29580219}, {"cashtag": "$AAPL", "sentiment score": "0.246172", "id": 6206304}, {"cashtag": "$JBLU", "sentiment score": "0.152333", "id": 708351849796083700}, {"cashtag": "$NLSN", "sentiment score": "-0.22626", "id": 719900573856829400}, {"cashtag": "$VRX", "sentiment score": "0.419894", "id": 710857137585528800}, {"cashtag": "$LIFE", "sentiment score": "0.184298", "id": 719536774821867500}, {"cashtag": "$OIL", "sentiment score": "-0.407283", "id": 30827588}, {"cashtag": "$GTAT", "sentiment score": "0.34427", "id": 26733780}, {"cashtag": "$RIO", "sentiment score": "0.272657", "id": 719937548668256300}, {"cashtag": "$CRUS", "sentiment score": "-0.204987", "id": 13084809}, {"cashtag": "$AMZN", "sentiment score": "0.551031", "id": 719535506980266000}, {"cashtag": "$AAPL", "sentiment score": "0.410434", "id": 10586814}, {"cashtag": "$EFUT", "sentiment score": "0.491805", "id": 8065304}, {"cashtag": "$YHOO", "sentiment score": "0.21457", "id": 708385672998989800}, {"cashtag": "$STX", "sentiment score": "0.311852", "id": 709420584979927000}, {"cashtag": "$YELP", "sentiment score": "0.37071", "id": 18365036}, {"cashtag": "$SONC", "sentiment score": "0.260339", "id": 8596164}, {"cashtag": "$FB", "sentiment score": "0.255074", "id": 719875775097348100}, {"cashtag": "$SRPT", "sentiment score": "0.321382", "id": 18706410}, {"cashtag": "$ILMN", "sentiment score": "0.372894", "id": 719523999282278400}, {"cashtag": "$GE", "sentiment score": "0.266444", "id": 20312961}, {"cashtag": "$T", "sentiment score": "0.684539", "id": 708399906990329900}, {"cashtag": "$CHKP", "sentiment score": "0.399969", "id": 709893877566582800}, {"cashtag": "$AL", "sentiment score": "0.101703", "id": 13523414}, {"cashtag": "$FTI", "sentiment score": "0.455494", "id": 12767826}, {"cashtag": "$SIRI", "sentiment score": "0.221783", "id": 719540465188675600}, {"cashtag": "$V", "sentiment score": "0.350851", "id": 719612962013634600}, {"cashtag": "$AMZN", "sentiment score": "0.361883", "id": 719533807897047000}, {"cashtag": "$SMH", "sentiment score": "0.328393", "id": 7399381}, {"cashtag": "$AMGN", "sentiment score": "0.17881", "id": 719545584995029000}, {"cashtag": "$AMZN", "sentiment score": "-0.01904", "id": 710491410789752800}, {"cashtag": "$GRPN", "sentiment score": "-0.245923", "id": 8067736}, {"cashtag": "$NFLX", "sentiment score": "-0.138944", "id": 36925712}, {"cashtag": "$NXPI", "sentiment score": "0.198705", "id": 719586430243090400}, {"cashtag": "$TSE", "sentiment score": "0.0839197", "id": 710793306100228100}, {"cashtag": "$BLUE", "sentiment score": "0.50609", "id": 719515579372077000}, {"cashtag": "$WMT", "sentiment score": "0.550658", "id": 719535506980266000}, {"cashtag": "$XLP", "sentiment score": "0.332493", "id": 13132243}, {"cashtag": "$SPY", "sentiment score": "-0.294345", "id": 7853493}, {"cashtag": "$GDX", "sentiment score": "0.00810394", "id": 32370562}, {"cashtag": "$LAMR", "sentiment score": "-0.501358", "id": 16084152}, {"cashtag": "$ECA", "sentiment score": "0.214927", "id": 19034611}, {"cashtag": "$KCG", "sentiment score": "0.353869", "id": 10561783}, {"cashtag": "$OKSB", "sentiment score": "0.399412", "id": 12134471}, {"cashtag": "$NFLX", "sentiment score": "-0.318056", "id": 18526288}, {"cashtag": "$HCP", "sentiment score": "0.117322", "id": 34332530}, {"cashtag": "$FB", "sentiment score": "-0.0713089", "id": 719523139730993200}, {"cashtag": "$TSLA", "sentiment score": "0.368501", "id": 719528176096030700}, {"cashtag": "$WPRT", "sentiment score": "0.2181", "id": 10892920}, {"cashtag": "$GLD", "sentiment score": "0.218484", "id": 8205873}, {"cashtag": "$JCP", "sentiment score": "-0.21944", "id": 16915153}, {"cashtag": "$AWAY", "sentiment score": "-0.0911869", "id": 8784472}, {"cashtag": "$BAXS", "sentiment score": "-0.240631", "id": 21778536}, {"cashtag": "$DIA", "sentiment score": "0.0909849", "id": 15249839}, {"cashtag": "$ATVI", "sentiment score": "0.141475", "id": 719905644648632300}, {"cashtag": "$NUE", "sentiment score": "0.584157", "id": 37312789}, {"cashtag": "$GOOGL", "sentiment score": "0.206891", "id": 719602897479168000}, {"cashtag": "$GILD", "sentiment score": "0.262962", "id": 32199482}, {"cashtag": "$FB", "sentiment score": "-0.162485", "id": 719486879842902000}, {"cashtag": "$ARIA", "sentiment score": "0.249458", "id": 20276674}, {"cashtag": "$INFI", "sentiment score": "0.286453", "id": 719903541167464400}, {"cashtag": "$SDRL", "sentiment score": "0.258121", "id": 710115038011465700}, {"cashtag": "$SOX", "sentiment score": "0.358129", "id": 19869247}, {"cashtag": "$UGAZ", "sentiment score": "-0.197361", "id": 31015066}, {"cashtag": "$QQQ", "sentiment score": "0.353072", "id": 13279906}, {"cashtag": "$ALXA", "sentiment score": "-0.18911", "id": 13451840}, {"cashtag": "$JUNO", "sentiment score": "0.301394", "id": 719669537201725400}, {"cashtag": "$ESRX", "sentiment score": "0.26273", "id": 719915781719347200}, {"cashtag": "$ETRM", "sentiment score": "-0.114338", "id": 39047584}, {"cashtag": "$CLF", "sentiment score": "0.0116066", "id": 35950566}, {"cashtag": "$NUGT", "sentiment score": "-0.0893906", "id": 719493174167625700}, {"cashtag": "$NVDQ", "sentiment score": "0.375592", "id": 15530874}, {"cashtag": "$TSLA", "sentiment score": "-0.0543001", "id": 20795798}, {"cashtag": "$TSLA", "sentiment score": "-0.416111", "id": 719672950044106800}, {"cashtag": "$ATHX", "sentiment score": "0.196092", "id": 33674145}, {"cashtag": "$SPY", "sentiment score": "-0.377685", "id": 5887305}, {"cashtag": "$ISRG", "sentiment score": "0.42055", "id": 709019023921561600}, {"cashtag": "$RNN", "sentiment score": "0.251914", "id": 21805951}, {"cashtag": "$ICPT", "sentiment score": "-0.369377", "id": 719652260322476000}, {"cashtag": "$T", "sentiment score": "0.424436", "id": 5509901}, {"cashtag": "$PX", "sentiment score": "-0.207458", "id": 37476848}, {"cashtag": "$RAD", "sentiment score": "0.300668", "id": 25145744}, {"cashtag": "$TSPT", "sentiment score": "0.457834", "id": 5959915}, {"cashtag": "$MDLZ", "sentiment score": "0.0426736", "id": 710554129844797400}, {"cashtag": "$JKHY", "sentiment score": "0.421537", "id": 708381020765052900}, {"cashtag": "$FB", "sentiment score": "0.435813", "id": 719564967972765700}, {"cashtag": "$ORCL", "sentiment score": "0.500973", "id": 710496429974888400}, {"cashtag": "$AAPL", "sentiment score": "-0.187377", "id": 719908259893616600}, {"cashtag": "$JAZZ", "sentiment score": "0.394473", "id": 18405590}, {"cashtag": "$ASTX", "sentiment score": "-0.490798", "id": 9369557}, {"cashtag": "$WLL", "sentiment score": "0.277137", "id": 23526008}, {"cashtag": "$SPY", "sentiment score": "-0.221375", "id": 709439542089158700}, {"cashtag": "$TWTR", "sentiment score": "0.332846", "id": 25160682}, {"cashtag": "$SINA", "sentiment score": "-0.36968", "id": 6929823}, {"cashtag": "$AAPL", "sentiment score": "0.311632", "id": 711987709972127700}, {"cashtag": "$PRGN", "sentiment score": "0.198484", "id": 28703227}, {"cashtag": "$ET", "sentiment score": "-0.123585", "id": 11107935}, {"cashtag": "$CHTR", "sentiment score": "-0.00105028", "id": 710110155216584700}, {"cashtag": "$AAPL", "sentiment score": "-0.373928", "id": 32648097}, {"cashtag": "$OUTR", "sentiment score": "0.228926", "id": 709731726726193200}, {"cashtag": "$EBAY", "sentiment score": "0.0656304", "id": 719611920110776300}, {"cashtag": "$GOOG", "sentiment score": "0.367868", "id": 710863854381563900}, {"cashtag": "$RDEN", "sentiment score": "0.229005", "id": 21856695}, {"cashtag": "$ASPS", "sentiment score": "-0.34672", "id": 709834259687710700}, {"cashtag": "$CLF", "sentiment score": "0.368123", "id": 710863854381563900}, {"cashtag": "$PPC", "sentiment score": "0.33225", "id": 32427089}, {"cashtag": "$HTS", "sentiment score": "0.313808", "id": 719517217247735800}, {"cashtag": "$VRX", "sentiment score": "-0.340728", "id": 709834259687710700}, {"cashtag": "$BAMXY", "sentiment score": "0.0395436", "id": 719756644968763400}, {"cashtag": "$SPY", "sentiment score": "-0.381971", "id": 8504139}, {"cashtag": "$NFLX", "sentiment score": "0.271982", "id": 719501877843349500}, {"cashtag": "$SCTY", "sentiment score": "0.291031", "id": 14024460}, {"cashtag": "$HD", "sentiment score": "0.342653", "id": 710143603524427800}, {"cashtag": "$REGN", "sentiment score": "0.31779", "id": 719549796994814000}, {"cashtag": "$TEA", "sentiment score": "0.339028", "id": 10573348}, {"cashtag": "$JNPR", "sentiment score": "-0.458045", "id": 719623868495728600}, {"cashtag": "$AAPL", "sentiment score": "-0.0675902", "id": 25969840}, {"cashtag": "$TNET", "sentiment score": "-0.355694", "id": 711745824884187100}, {"cashtag": "$WX", "sentiment score": "-0.145901", "id": 39050045}, {"cashtag": "$GOOGL", "sentiment score": "0.190253", "id": 719901932169527300}, {"cashtag": "$FRO", "sentiment score": "0.334952", "id": 30919823}, {"cashtag": "$WYNN", "sentiment score": "0.0859153", "id": 9756290}, {"cashtag": "$AMZN", "sentiment score": "0.391197", "id": 709803667948318700}, {"cashtag": "$AMBA", "sentiment score": "-0.0216746", "id": 38625785}, {"cashtag": "$EBAY", "sentiment score": "-0.0968019", "id": 16669526}, {"cashtag": "$SMH", "sentiment score": "0.38338", "id": 719581208120844300}, {"cashtag": "$FB", "sentiment score": "0.229658", "id": 719528734299197400}, {"cashtag": "$ORCL", "sentiment score": "0.0834994", "id": 719599233280512000}, {"cashtag": "$V", "sentiment score": "-0.327073", "id": 719582524142403600}, {"cashtag": "$FB", "sentiment score": "0.220516", "id": 719880627412148200}, {"cashtag": "$FB", "sentiment score": "0.412015", "id": 709418142645137400}, {"cashtag": "$GOOG", "sentiment score": "0.195129", "id": 719585625859428400}, {"cashtag": "$AMZN", "sentiment score": "0.25284", "id": 16080172}, {"cashtag": "$IBIO", "sentiment score": "0.0648281", "id": 35904055}, {"cashtag": "$TSLA", "sentiment score": "0.0265486", "id": 719572200051880000}, {"cashtag": "$UA", "sentiment score": "0.319617", "id": 719599977480253400}, {"cashtag": "$AAPL", "sentiment score": "-0.189139", "id": 709439542089158700}, {"cashtag": "$AAPL", "sentiment score": "-0.0241975", "id": 31099441}, {"cashtag": "$BBRY", "sentiment score": "0.175983", "id": 24462309}, {"cashtag": "$QLYS", "sentiment score": "0.0620509", "id": 34407013}, {"cashtag": "$SCTY", "sentiment score": "0.339004", "id": 710127113127530500}, {"cashtag": "$UGAZ", "sentiment score": "0.171341", "id": 32476166}, {"cashtag": "$BIDU", "sentiment score": "0.35869", "id": 12108658}, {"cashtag": "$HK", "sentiment score": "-0.0449603", "id": 10310716}, {"cashtag": "$SYMC", "sentiment score": "0.0936003", "id": 709749425208320000}, {"cashtag": "$CLWR", "sentiment score": "0.509115", "id": 12248515}, {"cashtag": "$YELP", "sentiment score": "0.303115", "id": 22695238}, {"cashtag": "$OCN", "sentiment score": "-0.0891739", "id": 31710623}, {"cashtag": "$PKT", "sentiment score": "0.469432", "id": 6006891}, {"cashtag": "$UGAZ", "sentiment score": "0.271705", "id": 30632010}, {"cashtag": "$GLD", "sentiment score": "0.314789", "id": 17792845}, {"cashtag": "$TZA", "sentiment score": "0.206171", "id": 12105568}, {"cashtag": "$IGE", "sentiment score": "0.42514", "id": 719939196627116000}, {"cashtag": "$JPM", "sentiment score": "0.320936", "id": 719599977480253400}, {"cashtag": "$MGM", "sentiment score": "0.145261", "id": 708351849796083700}, {"cashtag": "$AAPL", "sentiment score": "0.37691", "id": 5960438}, {"cashtag": "$INTC", "sentiment score": "0.27064", "id": 719762401156034600}, {"cashtag": "$YHOO", "sentiment score": "0.106541", "id": 719585607215808500}, {"cashtag": "$AAPL", "sentiment score": "-0.257345", "id": 719691311943536600}, {"cashtag": "$CMCSA", "sentiment score": "0.385348", "id": 708433303922204700}, {"cashtag": "$STX", "sentiment score": "-0.00351384", "id": 13461331}, {"cashtag": "$ISIS", "sentiment score": "0.138687", "id": 34779026}, {"cashtag": "$AA", "sentiment score": "0.319685", "id": 719599977480253400}, {"cashtag": "$ISR", "sentiment score": "0.487949", "id": 24061441}, {"cashtag": "$TSLA", "sentiment score": "-0.0880823", "id": 711377964647129100}, {"cashtag": "$PCLN", "sentiment score": "-0.261109", "id": 12824244}, {"cashtag": "$TNA", "sentiment score": "0.163355", "id": 23774048}, {"cashtag": "$AMZN", "sentiment score": "-0.0293203", "id": 5542818}]